-- phpMyAdmin SQL Dump
-- version 5.0.2
-- https://www.phpmyadmin.net/
--
-- Host: 127.0.0.1
-- Generation Time: Aug 18, 2020 at 06:06 PM
-- Server version: 10.4.11-MariaDB
-- PHP Version: 7.4.6

SET SQL_MODE = "NO_AUTO_VALUE_ON_ZERO";
START TRANSACTION;
SET time_zone = "+00:00";


/*!40101 SET @OLD_CHARACTER_SET_CLIENT=@@CHARACTER_SET_CLIENT */;
/*!40101 SET @OLD_CHARACTER_SET_RESULTS=@@CHARACTER_SET_RESULTS */;
/*!40101 SET @OLD_COLLATION_CONNECTION=@@COLLATION_CONNECTION */;
/*!40101 SET NAMES utf8mb4 */;

--
-- Database: `graf`
--

-- --------------------------------------------------------

--
-- Table structure for table `casos_municipio`
--

CREATE TABLE `casos_municipio` (
  `id` int(11) NOT NULL,
  `id_municipio` int(11) NOT NULL,
  `fecha` date NOT NULL,
  `confirmados` int(11) DEFAULT NULL,
  `decesos` int(11) DEFAULT NULL,
  `recuperados` int(11) DEFAULT NULL,
  `activos` int(11) DEFAULT NULL,
  `hoy` int(11) DEFAULT NULL,
  `f_creacion` timestamp NULL DEFAULT NULL,
  `f_actualizacion` timestamp NULL DEFAULT current_timestamp()
) ENGINE=InnoDB DEFAULT CHARSET=utf8;

--
-- Dumping data for table `casos_municipio`
--

INSERT INTO `casos_municipio` (`id`, `id_municipio`, `fecha`, `confirmados`, `decesos`, `recuperados`, `activos`, `hoy`, `f_creacion`, `f_actualizacion`) VALUES
(1, 9, '2020-07-13', 2732, 218, 87, 2427, 2732, '2020-07-23 04:00:00', '2020-07-24 03:22:20'),
(2, 26, '2020-07-13', 501, 35, 83, 383, 501, '2020-07-23 04:00:00', '2020-07-24 03:28:13'),
(3, 25, '2020-07-13', 380, 19, 46, 315, 380, '2020-07-23 04:00:00', '2020-07-24 03:30:14'),
(4, 23, '2020-07-13', 323, 21, 17, 285, 323, '2020-07-23 04:00:00', '2020-07-24 03:31:27'),
(5, 15, '2020-07-13', 336, 21, 55, 260, 336, '2020-07-23 04:00:00', '2020-07-24 03:33:17'),
(6, 30, '2020-07-13', 140, 4, 24, 112, 140, '2020-07-23 04:00:00', '2020-07-24 03:33:17'),
(7, 10, '2020-07-13', 113, 6, 34, 73, 113, '2020-07-23 04:00:00', '2020-07-24 03:35:33'),
(8, 37, '2020-07-13', 108, 6, 21, 81, 108, '2020-07-23 04:00:00', '2020-07-24 03:35:33'),
(9, 32, '2020-07-13', 88, 5, 47, 36, 88, '2020-07-23 04:00:00', '2020-07-24 03:38:37'),
(10, 47, '2020-07-13', 82, 7, 2, 73, 82, '2020-07-23 04:00:00', '2020-07-24 03:38:37'),
(11, 46, '2020-07-13', 83, 6, 24, 53, 83, '2020-07-23 04:00:00', '2020-07-24 03:42:02'),
(12, 13, '2020-07-13', 75, 6, 5, 64, 75, '2020-07-23 04:00:00', '2020-07-24 03:42:02'),
(13, 24, '2020-07-13', 58, 10, 14, 34, 58, '2020-07-23 04:00:00', '2020-07-24 03:43:09'),
(14, 28, '2020-07-13', 18, 1, 2, 15, 18, '2020-07-23 04:00:00', '2020-07-24 03:44:55'),
(15, 29, '2020-07-13', 26, 1, 18, 7, 26, '2020-07-23 04:00:00', '2020-07-24 03:46:59'),
(16, 8, '2020-07-13', 24, 3, 1, 20, 24, '2020-07-23 04:00:00', '2020-07-24 03:46:59'),
(17, 14, '2020-07-13', 14, 2, 0, 12, 14, '2020-07-23 04:00:00', '2020-07-24 03:56:31'),
(18, 5, '2020-07-13', 9, 0, 0, 9, 9, '2020-07-23 04:00:00', '2020-07-24 03:56:31'),
(19, 36, '2020-07-13', 7, 1, 3, 3, 7, '2020-07-23 04:00:00', '2020-07-24 03:56:31'),
(20, 19, '2020-07-13', 9, 1, 5, 3, 9, '2020-07-23 04:00:00', '2020-07-24 03:56:31'),
(21, 11, '2020-07-13', 8, 2, 1, 5, 8, '2020-07-23 04:00:00', '2020-07-24 03:56:31'),
(22, 35, '2020-07-13', 5, 2, 0, 3, 5, '2020-07-23 04:00:00', '2020-07-24 03:56:31'),
(23, 4, '2020-07-13', 7, 3, 1, 4, 7, '2020-07-23 04:00:00', '2020-07-24 03:56:31'),
(24, 17, '2020-07-13', 7, 1, 2, 4, 7, '2020-07-23 04:00:00', '2020-07-24 04:16:53'),
(25, 1, '2020-07-13', 6, 0, 0, 6, 6, '2020-07-23 04:00:00', '2020-07-24 04:16:53'),
(26, 40, '2020-07-13', 4, 1, 0, 3, 4, '2020-07-23 04:00:00', '2020-07-24 04:16:53'),
(27, 31, '2020-07-13', 4, 0, 4, 0, 4, '2020-07-23 04:00:00', '2020-07-24 04:16:53'),
(28, 7, '2020-07-13', 3, 0, 2, 1, 3, '2020-07-23 04:00:00', '2020-07-24 04:16:53'),
(29, 39, '2020-07-13', 3, 1, 0, 2, 3, '2020-07-23 04:00:00', '2020-07-24 04:16:53'),
(30, 42, '2020-07-13', 3, 0, 2, 1, 3, '2020-07-23 04:00:00', '2020-07-24 04:16:53'),
(31, 6, '2020-07-13', 2, 1, 0, 1, 2, '2020-07-23 04:00:00', '2020-07-24 04:16:53'),
(32, 41, '2020-07-13', 1, 0, 0, 1, 1, '2020-07-23 04:00:00', '2020-07-24 04:16:53'),
(33, 38, '2020-07-13', 1, 0, 0, 1, 1, '2020-07-23 04:00:00', '2020-07-24 04:16:53'),
(34, 16, '2020-07-13', 1, 0, 0, 1, 1, '2020-07-23 04:00:00', '2020-07-24 04:16:53'),
(35, 22, '2020-07-13', 1, 0, 0, 1, 1, '2020-07-23 04:00:00', '2020-07-24 04:16:53'),
(36, 21, '2020-07-13', 0, 0, 0, 0, 0, '2020-07-23 04:00:00', '2020-07-24 04:16:53'),
(37, 3, '2020-07-13', 0, 0, 0, 0, 0, '2020-07-23 04:00:00', '2020-07-24 04:16:53'),
(38, 43, '2020-07-13', 0, 0, 0, 0, 0, '2020-07-23 04:00:00', '2020-07-24 04:16:53'),
(39, 33, '2020-07-13', 0, 0, 0, 0, 0, '2020-07-23 04:00:00', '2020-07-24 04:16:53'),
(40, 45, '2020-07-13', 0, 0, 0, 0, 0, '2020-07-23 04:00:00', '2020-07-24 04:16:53'),
(41, 48, '2020-07-13', 0, 0, 0, 0, 0, '2020-07-23 04:00:00', '2020-07-24 04:16:53'),
(42, 9, '2020-07-14', 2819, 218, 97, 2504, 87, '2020-07-23 04:00:00', '2020-07-24 06:55:10'),
(43, 26, '2020-07-14', 506, 35, 86, 385, 5, '2020-07-23 04:00:00', '2020-07-24 06:55:10'),
(44, 25, '2020-07-14', 386, 19, 46, 321, 6, '2020-07-23 04:00:00', '2020-07-24 06:55:10'),
(45, 23, '2020-07-14', 334, 21, 45, 268, 11, '2020-07-23 04:00:00', '2020-07-24 06:55:10'),
(46, 15, '2020-07-14', 336, 30, 55, 251, 0, '2020-07-23 04:00:00', '2020-07-24 06:55:10'),
(47, 30, '2020-07-14', 140, 4, 24, 112, 0, '2020-07-23 04:00:00', '2020-07-24 06:55:10'),
(48, 10, '2020-07-14', 113, 10, 60, 43, 0, '2020-07-23 04:00:00', '2020-07-24 06:55:10'),
(49, 37, '2020-07-14', 108, 6, 21, 81, 0, '2020-07-23 04:00:00', '2020-07-24 06:55:10'),
(50, 32, '2020-07-14', 90, 5, 47, 38, 2, '2020-07-23 04:00:00', '2020-07-24 06:55:10'),
(51, 47, '2020-07-14', 87, 7, 2, 78, 5, '2020-07-23 04:00:00', '2020-07-24 06:55:10'),
(52, 46, '2020-07-14', 85, 6, 24, 55, 2, '2020-07-23 04:00:00', '2020-07-24 06:55:10'),
(53, 13, '2020-07-14', 77, 6, 5, 66, 2, '2020-07-23 04:00:00', '2020-07-24 06:55:10'),
(54, 24, '2020-07-14', 59, 10, 14, 35, 1, '2020-07-23 04:00:00', '2020-07-24 06:55:10'),
(55, 28, '2020-07-14', 18, 1, 2, 15, 0, '2020-07-23 04:00:00', '2020-07-24 06:55:10'),
(56, 29, '2020-07-14', 26, 1, 18, 7, 0, '2020-07-23 04:00:00', '2020-07-24 06:55:10'),
(57, 8, '2020-07-14', 24, 3, 1, 20, 0, '2020-07-23 04:00:00', '2020-07-24 06:55:10'),
(58, 14, '2020-07-14', 14, 2, 0, 12, 0, '2020-07-23 04:00:00', '2020-07-24 06:55:10'),
(59, 5, '2020-07-14', 10, 0, 0, 10, 1, '2020-07-23 04:00:00', '2020-07-24 06:55:10'),
(60, 36, '2020-07-14', 8, 1, 3, 4, 1, '2020-07-23 04:00:00', '2020-07-24 06:55:10'),
(61, 19, '2020-07-14', 9, 1, 5, 3, 0, '2020-07-23 04:00:00', '2020-07-24 06:55:10'),
(62, 11, '2020-07-14', 9, 2, 1, 6, 1, '2020-07-23 04:00:00', '2020-07-24 06:55:10'),
(63, 33, '2020-07-14', 6, 2, 0, 4, 1, '2020-07-23 04:00:00', '2020-07-24 06:55:10'),
(64, 4, '2020-07-14', 7, 2, 1, 4, 0, '2020-07-23 04:00:00', '2020-07-24 06:55:10'),
(65, 17, '2020-07-14', 7, 1, 2, 4, 0, '2020-07-23 04:00:00', '2020-07-24 06:55:10'),
(66, 1, '2020-07-14', 6, 0, 0, 6, 0, '2020-07-23 04:00:00', '2020-07-24 06:55:10'),
(67, 40, '2020-07-14', 4, 1, 0, 3, 0, '2020-07-23 04:00:00', '2020-07-24 06:55:10'),
(68, 31, '2020-07-14', 4, 0, 4, 0, 0, '2020-07-23 04:00:00', '2020-07-24 06:55:10'),
(69, 7, '2020-07-14', 3, 1, 0, 2, 0, '2020-07-23 04:00:00', '2020-07-24 06:55:10'),
(70, 39, '2020-07-14', 3, 0, 2, 1, 0, '2020-07-23 04:00:00', '2020-07-24 06:55:10'),
(71, 42, '2020-07-14', 2, 1, 0, 1, -1, '2020-07-23 04:00:00', '2020-07-24 06:55:10'),
(72, 6, '2020-07-14', 2, 1, 0, 1, 0, '2020-07-23 04:00:00', '2020-07-24 06:55:10'),
(73, 41, '2020-07-14', 0, 0, 0, 0, -1, '2020-07-23 04:00:00', '2020-07-24 06:55:10'),
(74, 38, '2020-07-14', 1, 0, 0, 1, 0, '2020-07-23 04:00:00', '2020-07-24 06:55:10'),
(75, 16, '2020-07-14', 1, 0, 0, 1, 0, '2020-07-23 04:00:00', '2020-07-24 06:55:10'),
(76, 22, '2020-07-14', 1, 0, 0, 1, 0, '2020-07-23 04:00:00', '2020-07-24 06:55:10'),
(77, 21, '2020-07-14', 1, 0, 0, 1, 1, '2020-07-23 04:00:00', '2020-07-24 06:55:10'),
(78, 3, '2020-07-14', 0, 0, 0, 0, 0, '2020-07-23 04:00:00', '2020-07-24 06:55:10'),
(79, 43, '2020-07-14', 0, 0, 0, 0, 0, '2020-07-23 04:00:00', '2020-07-24 06:55:10'),
(80, 35, '2020-07-14', 0, 0, 0, 0, 0, '2020-07-23 04:00:00', '2020-07-24 06:55:10'),
(81, 45, '2020-07-14', 0, 0, 0, 0, 0, '2020-07-23 04:00:00', '2020-07-24 06:55:10'),
(82, 48, '2020-07-14', 0, 0, 0, 0, 0, '2020-07-23 04:00:00', '2020-07-24 06:55:10'),
(83, 9, '2020-07-15', 2933, 227, 109, 2597, 114, '2020-07-23 04:00:00', '2020-07-24 07:19:29'),
(84, 26, '2020-07-15', 512, 38, 98, 376, 6, '2020-07-23 04:00:00', '2020-07-24 07:19:29'),
(85, 25, '2020-07-15', 392, 19, 51, 322, 6, '2020-07-23 04:00:00', '2020-07-24 07:19:29'),
(86, 23, '2020-07-15', 338, 21, 45, 272, 4, '2020-07-23 04:00:00', '2020-07-24 07:19:29'),
(87, 15, '2020-07-15', 336, 30, 55, 251, 0, '2020-07-23 04:00:00', '2020-07-24 07:19:29'),
(88, 30, '2020-07-15', 140, 4, 24, 112, 0, '2020-07-23 04:00:00', '2020-07-24 07:19:29'),
(89, 10, '2020-07-15', 114, 10, 60, 44, 1, '2020-07-23 04:00:00', '2020-07-24 07:19:29'),
(90, 37, '2020-07-15', 109, 6, 23, 80, 1, '2020-07-23 04:00:00', '2020-07-24 07:19:29'),
(91, 32, '2020-07-15', 92, 5, 47, 40, 2, '2020-07-23 04:00:00', '2020-07-24 07:19:29'),
(92, 47, '2020-07-15', 89, 8, 9, 72, 2, '2020-07-23 04:00:00', '2020-07-24 07:19:29'),
(93, 46, '2020-07-15', 85, 6, 24, 55, 0, '2020-07-23 04:00:00', '2020-07-24 07:19:29'),
(94, 13, '2020-07-15', 80, 6, 5, 68, 3, '2020-07-23 04:00:00', '2020-07-24 07:19:29'),
(95, 24, '2020-07-15', 59, 11, 16, 32, 0, '2020-07-23 04:00:00', '2020-07-24 07:19:29'),
(96, 28, '2020-07-15', 22, 1, 2, 19, 4, '2020-07-23 04:00:00', '2020-07-24 07:19:29'),
(97, 29, '2020-07-15', 26, 1, 18, 7, 0, '2020-07-23 04:00:00', '2020-07-24 07:19:29'),
(98, 8, '2020-07-15', 25, 3, 1, 21, 1, '2020-07-23 04:00:00', '2020-07-24 07:19:29'),
(99, 14, '2020-07-15', 14, 2, 0, 12, 0, '2020-07-23 04:00:00', '2020-07-24 07:19:29'),
(100, 5, '2020-07-15', 13, 0, 0, 13, 3, '2020-07-23 04:00:00', '2020-07-24 07:19:29'),
(101, 36, '2020-07-15', 11, 1, 3, 7, 3, '2020-07-23 04:00:00', '2020-07-24 07:19:29'),
(102, 19, '2020-07-15', 9, 1, 5, 3, 0, '2020-07-23 04:00:00', '2020-07-24 07:19:29'),
(103, 11, '2020-07-15', 9, 1, 5, 3, 0, '2020-07-23 04:00:00', '2020-07-24 07:19:29'),
(104, 33, '2020-07-15', 6, 2, 0, 4, 0, '2020-07-23 04:00:00', '2020-07-24 07:19:29'),
(105, 4, '2020-07-15', 7, 2, 1, 4, 0, '2020-07-23 04:00:00', '2020-07-24 07:19:29'),
(106, 17, '2020-07-15', 7, 1, 5, 1, 0, '2020-07-23 04:00:00', '2020-07-24 07:19:29'),
(107, 1, '2020-07-15', 6, 0, 0, 6, 0, '2020-07-23 04:00:00', '2020-07-24 07:19:29'),
(108, 40, '2020-07-15', 6, 1, 0, 5, 2, '2020-07-23 04:00:00', '2020-07-24 07:19:29'),
(109, 31, '2020-07-15', 4, 0, 4, 0, 0, '2020-07-23 04:00:00', '2020-07-24 07:19:29'),
(110, 7, '2020-07-15', 4, 0, 2, 2, 1, '2020-07-23 04:00:00', '2020-07-24 07:19:29'),
(111, 39, '2020-07-15', 3, 1, 0, 2, 0, '2020-07-23 04:00:00', '2020-07-24 07:19:29'),
(112, 42, '2020-07-15', 3, 0, 2, 1, 1, '2020-07-23 04:00:00', '2020-07-24 07:19:29'),
(113, 6, '2020-07-15', 2, 1, 0, 1, 0, '2020-07-23 04:00:00', '2020-07-24 07:19:29'),
(114, 41, '2020-07-15', 2, 0, 0, 2, 2, '2020-07-23 04:00:00', '2020-07-24 07:19:29'),
(115, 38, '2020-07-15', 2, 0, 0, 2, 1, '2020-07-23 04:00:00', '2020-07-24 07:19:29'),
(116, 16, '2020-07-15', 1, 0, 0, 1, 0, '2020-07-23 04:00:00', '2020-07-24 07:19:29'),
(117, 22, '2020-07-15', 1, 0, 0, 1, 0, '2020-07-23 04:00:00', '2020-07-24 07:19:29'),
(118, 21, '2020-07-15', 1, 0, 0, 1, 0, '2020-07-23 04:00:00', '2020-07-24 07:19:29'),
(119, 3, '2020-07-15', 0, 0, 0, 0, 0, '2020-07-23 04:00:00', '2020-07-24 07:19:29'),
(120, 43, '2020-07-15', 0, 0, 0, 0, 0, '2020-07-23 04:00:00', '2020-07-24 07:19:29'),
(121, 35, '2020-07-15', 0, 0, 0, 0, 0, '2020-07-23 04:00:00', '2020-07-24 07:19:29'),
(122, 45, '2020-07-15', 0, 0, 0, 0, 0, '2020-07-23 04:00:00', '2020-07-24 07:19:29'),
(123, 48, '2020-07-15', 0, 0, 0, 0, 0, '2020-07-23 04:00:00', '2020-07-24 07:19:29'),
(124, 9, '2020-07-16', 3153, 237, 153, 2763, 220, '2020-07-23 04:00:00', '2020-07-24 07:43:31'),
(125, 26, '2020-07-16', 534, 38, 108, 388, 22, '2020-07-23 04:00:00', '2020-07-24 07:43:31'),
(126, 25, '2020-07-16', 403, 19, 56, 328, 11, '2020-07-23 04:00:00', '2020-07-24 07:43:31'),
(127, 23, '2020-07-16', 339, 21, 47, 271, 1, '2020-07-23 04:00:00', '2020-07-24 07:43:31'),
(128, 15, '2020-07-16', 339, 30, 55, 254, 3, '2020-07-23 04:00:00', '2020-07-24 07:43:31'),
(129, 30, '2020-07-16', 143, 4, 25, 114, 3, '2020-07-23 04:00:00', '2020-07-24 07:43:31'),
(130, 10, '2020-07-16', 115, 10, 64, 41, 1, '2020-07-23 04:00:00', '2020-07-24 07:43:31'),
(131, 37, '2020-07-16', 110, 6, 24, 80, 1, '2020-07-23 04:00:00', '2020-07-24 07:43:31'),
(132, 32, '2020-07-16', 92, 5, 47, 40, 0, '2020-07-23 04:00:00', '2020-07-24 07:43:31'),
(133, 47, '2020-07-16', 93, 8, 9, 63, 4, '2020-07-23 04:00:00', '2020-07-24 07:43:31'),
(134, 46, '2020-07-16', 88, 6, 24, 58, 3, '2020-07-23 04:00:00', '2020-07-24 07:43:31'),
(135, 13, '2020-07-16', 82, 6, 7, 69, 2, '2020-07-23 04:00:00', '2020-07-24 07:43:31'),
(136, 24, '2020-07-16', 59, 11, 17, 31, 0, '2020-07-23 04:00:00', '2020-07-24 07:43:31'),
(137, 28, '2020-07-16', 22, 1, 2, 19, 0, '2020-07-23 04:00:00', '2020-07-24 07:43:31'),
(138, 29, '2020-07-16', 26, 1, 18, 7, 0, '2020-07-23 04:00:00', '2020-07-24 07:43:31'),
(139, 8, '2020-07-16', 25, 3, 1, 21, 0, '2020-07-23 04:00:00', '2020-07-24 07:43:31'),
(140, 14, '2020-07-16', 14, 2, 0, 12, 0, '2020-07-23 04:00:00', '2020-07-24 07:43:31'),
(141, 5, '2020-07-16', 14, 0, 0, 14, 1, '2020-07-23 04:00:00', '2020-07-24 07:43:31'),
(142, 36, '2020-07-16', 11, 1, 3, 7, 0, '2020-07-23 04:00:00', '2020-07-24 07:43:31'),
(143, 19, '2020-07-16', 9, 1, 5, 3, 0, '2020-07-23 04:00:00', '2020-07-24 07:43:31'),
(144, 11, '2020-07-16', 9, 1, 5, 3, 0, '2020-07-23 04:00:00', '2020-07-24 07:43:31'),
(145, 33, '2020-07-16', 9, 2, 0, 7, 3, '2020-07-23 04:00:00', '2020-07-24 07:43:31'),
(146, 4, '2020-07-16', 8, 2, 1, 5, 1, '2020-07-23 04:00:00', '2020-07-24 07:43:31'),
(147, 17, '2020-07-16', 7, 1, 5, 1, 0, '2020-07-23 04:00:00', '2020-07-24 07:43:31'),
(148, 1, '2020-07-16', 6, 0, 0, 6, 0, '2020-07-23 04:00:00', '2020-07-24 07:43:31'),
(149, 40, '2020-07-16', 6, 1, 1, 4, 0, '2020-07-23 04:00:00', '2020-07-24 07:43:31'),
(150, 31, '2020-07-16', 4, 0, 4, 0, 0, '2020-07-23 04:00:00', '2020-07-24 07:43:31'),
(151, 7, '2020-07-16', 4, 0, 2, 2, 0, '2020-07-23 04:00:00', '2020-07-24 07:43:31'),
(152, 39, '2020-07-16', 3, 1, 0, 2, 0, '2020-07-23 04:00:00', '2020-07-24 07:43:31'),
(153, 42, '2020-07-16', 3, 0, 2, 1, 0, '2020-07-23 04:00:00', '2020-07-24 07:43:31'),
(154, 6, '2020-07-16', 2, 1, 0, 1, 0, '2020-07-23 04:00:00', '2020-07-24 07:43:31'),
(155, 41, '2020-07-16', 2, 0, 0, 2, 0, '2020-07-23 04:00:00', '2020-07-24 07:43:31'),
(156, 38, '2020-07-16', 2, 0, 1, 1, 0, '2020-07-23 04:00:00', '2020-07-24 07:43:31'),
(157, 16, '2020-07-16', 1, 0, 0, 1, 0, '2020-07-23 04:00:00', '2020-07-24 07:43:31'),
(158, 22, '2020-07-16', 1, 0, 0, 1, 0, '2020-07-23 04:00:00', '2020-07-24 07:43:31'),
(159, 21, '2020-07-16', 1, 0, 0, 1, 0, '2020-07-23 04:00:00', '2020-07-24 07:43:31'),
(160, 3, '2020-07-16', 0, 0, 0, 0, 0, '2020-07-23 04:00:00', '2020-07-24 07:43:31'),
(161, 43, '2020-07-16', 0, 0, 0, 0, 0, '2020-07-23 04:00:00', '2020-07-24 07:43:31'),
(162, 35, '2020-07-16', 0, 0, 0, 0, 0, '2020-07-23 04:00:00', '2020-07-24 07:43:31'),
(163, 45, '2020-07-16', 0, 0, 0, 0, 0, '2020-07-23 04:00:00', '2020-07-24 07:43:31'),
(164, 48, '2020-07-16', 5, 0, 0, 5, 5, '2020-07-23 04:00:00', '2020-07-24 07:43:31'),
(165, 9, '2020-07-17', 3283, 246, 184, 2853, 130, '2020-07-23 04:00:00', '2020-07-24 08:05:56'),
(166, 26, '2020-07-17', 546, 41, 125, 380, 12, '2020-07-23 04:00:00', '2020-07-24 08:05:56'),
(167, 25, '2020-07-17', 414, 19, 63, 332, 11, '2020-07-23 04:00:00', '2020-07-24 08:05:56'),
(168, 23, '2020-07-17', 350, 23, 65, 262, 11, '2020-07-23 04:00:00', '2020-07-24 08:05:56'),
(169, 15, '2020-07-17', 340, 23, 65, 252, 1, '2020-07-23 04:00:00', '2020-07-24 08:05:56'),
(170, 30, '2020-07-17', 143, 4, 25, 114, 0, '2020-07-23 04:00:00', '2020-07-24 08:05:56'),
(171, 10, '2020-07-17', 115, 10, 66, 39, 0, '2020-07-23 04:00:00', '2020-07-24 08:05:56'),
(172, 37, '2020-07-17', 114, 6, 24, 84, 4, '2020-07-23 04:00:00', '2020-07-24 08:05:56'),
(173, 32, '2020-07-17', 95, 5, 47, 43, 3, '2020-07-23 04:00:00', '2020-07-24 08:05:56'),
(174, 47, '2020-07-17', 93, 8, 9, 63, 0, '2020-07-23 04:00:00', '2020-07-24 08:05:56'),
(175, 46, '2020-07-17', 88, 6, 24, 58, 0, '2020-07-23 04:00:00', '2020-07-24 08:05:56'),
(176, 13, '2020-07-17', 82, 6, 7, 71, 2, '2020-07-23 04:00:00', '2020-07-24 08:05:56'),
(177, 24, '2020-07-17', 60, 11, 17, 32, 1, '2020-07-23 04:00:00', '2020-07-24 08:05:56'),
(178, 28, '2020-07-17', 28, 1, 2, 25, 6, '2020-07-23 04:00:00', '2020-07-24 08:05:56'),
(179, 29, '2020-07-17', 26, 1, 18, 7, 0, '2020-07-23 04:00:00', '2020-07-24 08:05:56'),
(180, 8, '2020-07-17', 25, 3, 1, 21, 0, '2020-07-23 04:00:00', '2020-07-24 08:05:56'),
(181, 14, '2020-07-17', 14, 2, 0, 12, 0, '2020-07-23 04:00:00', '2020-07-24 08:05:56'),
(182, 5, '2020-07-17', 14, 0, 0, 14, 0, '2020-07-23 04:00:00', '2020-07-24 08:05:56'),
(183, 36, '2020-07-17', 12, 1, 3, 8, 1, '2020-07-23 04:00:00', '2020-07-24 08:05:56'),
(184, 19, '2020-07-17', 9, 1, 5, 3, 0, '2020-07-23 04:00:00', '2020-07-24 08:05:56'),
(185, 11, '2020-07-17', 9, 1, 5, 3, 0, '2020-07-23 04:00:00', '2020-07-24 08:05:56'),
(186, 33, '2020-07-17', 9, 2, 0, 7, 0, '2020-07-23 04:00:00', '2020-07-24 08:05:56'),
(187, 4, '2020-07-17', 8, 2, 1, 5, 0, '2020-07-23 04:00:00', '2020-07-24 08:05:56'),
(188, 17, '2020-07-17', 7, 1, 5, 1, 0, '2020-07-23 04:00:00', '2020-07-24 08:05:56'),
(189, 1, '2020-07-17', 6, 0, 0, 6, 0, '2020-07-23 04:00:00', '2020-07-24 08:05:56'),
(190, 40, '2020-07-17', 6, 1, 1, 4, 0, '2020-07-23 04:00:00', '2020-07-24 08:05:56'),
(191, 31, '2020-07-17', 4, 0, 4, 0, 0, '2020-07-23 04:00:00', '2020-07-24 08:05:56'),
(192, 7, '2020-07-17', 4, 0, 2, 2, 0, '2020-07-23 04:00:00', '2020-07-24 08:05:56'),
(193, 39, '2020-07-17', 3, 1, 0, 2, 0, '2020-07-23 04:00:00', '2020-07-24 08:05:56'),
(194, 42, '2020-07-17', 3, 0, 2, 1, 0, '2020-07-23 04:00:00', '2020-07-24 08:05:56'),
(195, 6, '2020-07-17', 2, 1, 0, 1, 0, '2020-07-23 04:00:00', '2020-07-24 08:05:56'),
(196, 41, '2020-07-17', 2, 0, 0, 2, 0, '2020-07-23 04:00:00', '2020-07-24 08:05:56'),
(197, 38, '2020-07-17', 2, 0, 1, 1, 0, '2020-07-23 04:00:00', '2020-07-24 08:05:56'),
(198, 16, '2020-07-17', 1, 0, 0, 1, 0, '2020-07-23 04:00:00', '2020-07-24 08:05:56'),
(199, 22, '2020-07-17', 1, 0, 0, 1, 0, '2020-07-23 04:00:00', '2020-07-24 08:05:56'),
(200, 21, '2020-07-17', 1, 0, 0, 1, 0, '2020-07-23 04:00:00', '2020-07-24 08:05:56'),
(201, 3, '2020-07-17', 0, 0, 0, 0, 0, '2020-07-23 04:00:00', '2020-07-24 08:05:56'),
(202, 43, '2020-07-17', 0, 0, 0, 0, 0, '2020-07-23 04:00:00', '2020-07-24 08:05:56'),
(203, 35, '2020-07-17', 0, 0, 0, 0, 0, '2020-07-23 04:00:00', '2020-07-24 08:05:56'),
(204, 45, '2020-07-17', 0, 0, 0, 0, 0, '2020-07-23 04:00:00', '2020-07-24 08:05:56'),
(205, 48, '2020-07-17', 5, 0, 0, 5, 0, '2020-07-23 04:00:00', '2020-07-24 08:05:56'),
(206, 9, '2020-07-19', 3559, 276, 542, 2741, 276, '2020-07-23 04:00:00', '2020-07-24 08:37:33'),
(207, 26, '2020-07-19', 556, 43, 141, 372, 10, '2020-07-23 04:00:00', '2020-07-24 08:37:33'),
(208, 25, '2020-07-19', 462, 23, 74, 365, 48, '2020-07-23 04:00:00', '2020-07-24 08:37:33'),
(209, 23, '2020-07-19', 380, 25, 68, 287, 30, '2020-07-23 04:00:00', '2020-07-24 08:37:33'),
(210, 15, '2020-07-19', 355, 31, 97, 227, 15, '2020-07-23 04:00:00', '2020-07-24 08:37:33'),
(211, 30, '2020-07-19', 151, 4, 25, 122, 8, '2020-07-23 04:00:00', '2020-07-24 08:37:33'),
(212, 10, '2020-07-19', 119, 10, 67, 42, 4, '2020-07-23 04:00:00', '2020-07-24 08:37:33'),
(213, 37, '2020-07-19', 129, 6, 24, 99, 15, '2020-07-23 04:00:00', '2020-07-24 08:37:33'),
(214, 32, '2020-07-19', 98, 6, 55, 37, 3, '2020-07-23 04:00:00', '2020-07-24 08:37:33'),
(215, 47, '2020-07-19', 102, 10, 25, 67, 9, '2020-07-23 04:00:00', '2020-07-24 08:37:33'),
(216, 46, '2020-07-19', 95, 6, 30, 59, 7, '2020-07-23 04:00:00', '2020-07-24 08:37:33'),
(217, 13, '2020-07-19', 100, 6, 7, 87, 16, '2020-07-23 04:00:00', '2020-07-24 08:37:33'),
(218, 24, '2020-07-19', 63, 12, 20, 31, 3, '2020-07-23 04:00:00', '2020-07-24 08:37:33'),
(219, 28, '2020-07-19', 30, 1, 2, 27, 2, '2020-07-23 04:00:00', '2020-07-24 08:37:33'),
(220, 29, '2020-07-19', 26, 1, 18, 7, 0, '2020-07-23 04:00:00', '2020-07-24 08:37:33'),
(221, 8, '2020-07-19', 30, 3, 1, 26, 5, '2020-07-23 04:00:00', '2020-07-24 08:37:33'),
(222, 14, '2020-07-19', 17, 3, 0, 14, 3, '2020-07-23 04:00:00', '2020-07-24 08:37:33'),
(223, 5, '2020-07-19', 14, 1, 0, 13, 0, '2020-07-23 04:00:00', '2020-07-24 08:37:33'),
(224, 36, '2020-07-19', 14, 1, 3, 10, 2, '2020-07-23 04:00:00', '2020-07-24 08:37:33'),
(225, 19, '2020-07-19', 14, 1, 5, 8, 5, '2020-07-23 04:00:00', '2020-07-24 08:37:33'),
(226, 11, '2020-07-19', 12, 2, 1, 9, 3, '2020-07-23 04:00:00', '2020-07-24 08:37:33'),
(227, 33, '2020-07-19', 9, 2, 0, 7, 0, '2020-07-23 04:00:00', '2020-07-24 08:37:33'),
(228, 4, '2020-07-19', 9, 2, 1, 6, 1, '2020-07-23 04:00:00', '2020-07-24 08:37:33'),
(229, 17, '2020-07-19', 8, 1, 5, 2, 1, '2020-07-23 04:00:00', '2020-07-24 08:37:33'),
(230, 1, '2020-07-19', 9, 1, 0, 8, 3, '2020-07-23 04:00:00', '2020-07-24 08:37:33'),
(231, 40, '2020-07-19', 7, 1, 1, 5, 1, '2020-07-23 04:00:00', '2020-07-24 08:37:33'),
(232, 31, '2020-07-19', 4, 0, 4, 0, 0, '2020-07-23 04:00:00', '2020-07-24 08:37:33'),
(233, 7, '2020-07-19', 4, 0, 2, 2, 0, '2020-07-23 04:00:00', '2020-07-24 08:37:33'),
(234, 39, '2020-07-19', 3, 1, 0, 2, 0, '2020-07-23 04:00:00', '2020-07-24 08:37:33'),
(235, 42, '2020-07-19', 3, 0, 2, 1, 0, '2020-07-23 04:00:00', '2020-07-24 08:37:33'),
(236, 6, '2020-07-19', 2, 1, 0, 1, 0, '2020-07-23 04:00:00', '2020-07-24 08:37:33'),
(237, 41, '2020-07-19', 3, 0, 0, 3, 1, '2020-07-23 04:00:00', '2020-07-24 08:37:33'),
(238, 38, '2020-07-19', 2, 0, 1, 1, 0, '2020-07-23 04:00:00', '2020-07-24 08:37:33'),
(239, 16, '2020-07-19', 2, 0, 0, 2, 1, '2020-07-23 04:00:00', '2020-07-24 08:37:33'),
(240, 22, '2020-07-19', 2, 0, 0, 2, 1, '2020-07-23 04:00:00', '2020-07-24 08:37:33'),
(241, 21, '2020-07-19', 1, 0, 0, 1, 0, '2020-07-23 04:00:00', '2020-07-24 08:37:33'),
(242, 3, '2020-07-19', 2, 0, 0, 2, 2, '2020-07-23 04:00:00', '2020-07-24 08:37:33'),
(243, 43, '2020-07-19', 1, 0, 0, 1, 1, '2020-07-23 04:00:00', '2020-07-24 08:37:33'),
(244, 35, '2020-07-19', 1, 0, 0, 1, 1, '2020-07-23 04:00:00', '2020-07-24 08:37:33'),
(245, 45, '2020-07-19', 1, 0, 0, 1, 1, '2020-07-23 04:00:00', '2020-07-24 08:37:33'),
(246, 48, '2020-07-19', 9, 0, 0, 9, 4, '2020-07-23 04:00:00', '2020-07-24 08:37:33'),
(247, 1, '2020-07-30', 20, 1, 0, 19, 0, '2020-08-14 19:08:39', '2020-08-14 19:08:39'),
(248, 3, '2020-07-30', 3, 0, 0, 3, 0, '2020-08-14 19:08:39', '2020-08-14 19:08:39'),
(249, 4, '2020-07-30', 16, 2, 3, 11, 0, '2020-08-14 19:08:39', '2020-08-14 19:08:39'),
(250, 5, '2020-07-30', 15, 1, 1, 13, 0, '2020-08-14 19:08:39', '2020-08-14 19:08:39'),
(251, 6, '2020-07-30', 2, 2, 0, 0, 0, '2020-08-14 19:08:39', '2020-08-14 19:08:39'),
(252, 7, '2020-07-30', 6, 0, 2, 4, 0, '2020-08-14 19:08:39', '2020-08-14 19:08:39'),
(253, 8, '2020-07-30', 45, 3, 6, 36, 0, '2020-08-14 19:08:39', '2020-08-14 19:08:39'),
(254, 9, '2020-07-30', 5003, 394, 1039, 3570, 92, '2020-08-14 19:08:39', '2020-08-14 19:08:39'),
(255, 10, '2020-07-30', 131, 11, 103, 17, 0, '2020-08-14 19:08:39', '2020-08-14 19:08:39'),
(256, 11, '2020-07-30', 23, 3, 4, 16, 0, '2020-08-14 19:08:39', '2020-08-14 19:08:39'),
(257, 13, '2020-07-30', 119, 13, 25, 81, 4, '2020-08-14 19:08:39', '2020-08-14 19:08:39'),
(258, 14, '2020-07-30', 26, 3, 6, 17, 0, '2020-08-14 19:08:39', '2020-08-14 19:08:39'),
(259, 15, '2020-07-30', 385, 37, 202, 146, 0, '2020-08-14 19:08:39', '2020-08-14 19:08:39'),
(260, 16, '2020-07-30', 3, 0, 0, 3, 0, '2020-08-14 19:08:39', '2020-08-14 19:08:39'),
(261, 17, '2020-07-30', 25, 2, 6, 17, 0, '2020-08-14 19:08:39', '2020-08-14 19:08:39'),
(262, 19, '2020-07-30', 14, 1, 5, 8, 0, '2020-08-14 19:08:39', '2020-08-14 19:08:39'),
(263, 21, '2020-07-30', 3, 0, 0, 3, 2, '2020-08-14 19:08:39', '2020-08-14 19:08:39'),
(264, 22, '2020-07-30', 5, 0, 2, 3, 0, '2020-08-14 19:08:39', '2020-08-14 19:08:39'),
(265, 23, '2020-07-30', 437, 25, 177, 235, 0, '2020-08-14 19:08:39', '2020-08-14 19:08:39'),
(266, 24, '2020-07-30', 88, 15, 54, 19, 2, '2020-08-14 19:08:39', '2020-08-14 19:08:39'),
(267, 25, '2020-07-30', 619, 33, 172, 414, 12, '2020-08-14 19:08:39', '2020-08-14 19:08:39'),
(268, 26, '2020-07-30', 603, 46, 259, 298, 4, '2020-08-14 19:08:39', '2020-08-14 19:08:39'),
(269, 28, '2020-07-30', 67, 1, 4, 62, 4, '2020-08-14 19:08:39', '2020-08-14 19:08:39'),
(270, 29, '2020-07-30', 27, 1, 25, 1, 0, '2020-08-14 19:08:39', '2020-08-14 19:08:39'),
(271, 30, '2020-07-30', 228, 4, 93, 131, 33, '2020-08-14 19:08:39', '2020-08-14 19:08:39'),
(272, 31, '2020-07-30', 8, 0, 4, 4, 1, '2020-08-14 19:08:39', '2020-08-14 19:08:39'),
(273, 32, '2020-07-30', 145, 6, 77, 62, 6, '2020-08-14 19:08:39', '2020-08-14 19:08:39'),
(274, 33, '2020-07-30', 1, 0, 0, 1, 0, '2020-08-14 19:08:39', '2020-08-14 19:08:39'),
(275, 35, '2020-07-30', 12, 2, 1, 9, 0, '2020-08-14 19:08:39', '2020-08-14 19:08:39'),
(276, 36, '2020-07-30', 17, 6, 3, 8, 0, '2020-08-14 19:08:39', '2020-08-14 19:08:39'),
(277, 37, '2020-07-30', 159, 8, 43, 108, 1, '2020-08-14 19:08:39', '2020-08-14 19:08:39'),
(278, 38, '2020-07-30', 6, 0, 1, 5, 0, '2020-08-14 19:08:39', '2020-08-14 19:08:39'),
(279, 39, '2020-07-30', 6, 1, 0, 5, 0, '2020-08-14 19:08:39', '2020-08-14 19:08:39'),
(280, 40, '2020-07-30', 13, 1, 1, 11, 0, '2020-08-14 19:08:39', '2020-08-14 19:08:39'),
(281, 41, '2020-07-30', 24, 0, 1, 23, 10, '2020-08-14 19:08:39', '2020-08-14 19:08:39'),
(282, 42, '2020-07-30', 6, 0, 2, 4, 0, '2020-08-14 19:08:39', '2020-08-14 19:08:39'),
(283, 43, '2020-07-30', 2, 0, 0, 2, 0, '2020-08-14 19:08:39', '2020-08-14 19:08:39'),
(284, 45, '2020-07-30', 2, 0, 0, 2, 0, '2020-08-14 19:08:39', '2020-08-14 19:08:39'),
(285, 46, '2020-07-30', 107, 7, 48, 52, 0, '2020-08-14 19:08:39', '2020-08-14 19:08:39'),
(286, 47, '2020-07-30', 147, 14, 72, 61, 1, '2020-08-14 19:08:39', '2020-08-14 19:08:39'),
(287, 48, '2020-07-30', 12, 3, 5, 4, 0, '2020-08-14 19:08:39', '2020-08-14 19:08:39'),
(288, 12, '2020-07-30', 2, 0, 0, 2, 0, '2020-08-14 19:08:45', '2020-08-14 19:17:03'),
(289, 1, '2020-07-31', 24, 1, 0, 23, 4, '2020-08-14 20:01:30', '2020-08-14 20:01:30'),
(290, 3, '2020-07-31', 3, 0, 0, 3, 0, '2020-08-14 20:01:30', '2020-08-14 20:01:30'),
(291, 4, '2020-07-31', 16, 2, 3, 11, 0, '2020-08-14 20:01:30', '2020-08-14 20:01:30'),
(292, 5, '2020-07-31', 15, 1, 1, 13, 0, '2020-08-14 20:01:30', '2020-08-14 20:01:30'),
(293, 6, '2020-07-31', 2, 2, 0, 0, 0, '2020-08-14 20:01:30', '2020-08-14 20:01:30'),
(294, 7, '2020-07-31', 6, 0, 2, 4, 0, '2020-08-14 20:01:30', '2020-08-14 20:01:30'),
(295, 8, '2020-07-31', 49, 3, 6, 40, 4, '2020-08-14 20:01:30', '2020-08-14 20:01:30'),
(296, 9, '2020-07-31', 5229, 408, 1107, 3714, 226, '2020-08-14 20:01:30', '2020-08-14 20:01:30'),
(297, 10, '2020-07-31', 146, 11, 103, 32, 15, '2020-08-14 20:01:30', '2020-08-14 20:01:30'),
(298, 11, '2020-07-31', 23, 3, 4, 16, 0, '2020-08-14 20:01:30', '2020-08-14 20:01:30'),
(299, 12, '2020-07-31', 2, 0, 0, 2, 0, '2020-08-14 20:01:30', '2020-08-14 20:01:30'),
(300, 13, '2020-07-31', 128, 14, 25, 89, 9, '2020-08-14 20:01:30', '2020-08-14 20:01:30'),
(301, 14, '2020-07-31', 32, 3, 6, 23, 6, '2020-08-14 20:01:30', '2020-08-14 20:01:30'),
(302, 15, '2020-07-31', 398, 37, 202, 159, 13, '2020-08-14 20:01:30', '2020-08-14 20:01:30'),
(303, 16, '2020-07-31', 3, 0, 0, 3, 0, '2020-08-14 20:01:30', '2020-08-14 20:01:30'),
(304, 17, '2020-07-31', 28, 2, 6, 20, 3, '2020-08-14 20:01:30', '2020-08-14 20:01:30'),
(305, 19, '2020-07-31', 14, 1, 5, 8, 0, '2020-08-14 20:01:30', '2020-08-14 20:01:30'),
(306, 21, '2020-07-31', 6, 0, 0, 6, 3, '2020-08-14 20:01:30', '2020-08-14 20:01:30'),
(307, 22, '2020-07-31', 12, 0, 2, 10, 7, '2020-08-14 20:01:30', '2020-08-14 20:01:30'),
(308, 23, '2020-07-31', 448, 25, 188, 235, 11, '2020-08-14 20:01:30', '2020-08-14 20:01:30'),
(309, 24, '2020-07-31', 93, 15, 54, 24, 5, '2020-08-14 20:01:30', '2020-08-14 20:01:30'),
(310, 25, '2020-07-31', 661, 33, 180, 448, 42, '2020-08-14 20:01:30', '2020-08-14 20:01:30'),
(311, 26, '2020-07-31', 634, 46, 267, 321, 31, '2020-08-14 20:01:30', '2020-08-14 20:01:30'),
(312, 28, '2020-07-31', 71, 1, 4, 66, 4, '2020-08-14 20:01:30', '2020-08-14 20:01:30'),
(313, 29, '2020-07-31', 27, 1, 25, 1, 0, '2020-08-14 20:01:30', '2020-08-14 20:01:30'),
(314, 30, '2020-07-31', 241, 4, 93, 144, 13, '2020-08-14 20:01:30', '2020-08-14 20:01:30'),
(315, 31, '2020-07-31', 8, 0, 4, 4, 0, '2020-08-14 20:01:30', '2020-08-14 20:01:30'),
(316, 32, '2020-07-31', 159, 7, 77, 75, 14, '2020-08-14 20:01:30', '2020-08-14 20:01:30'),
(317, 33, '2020-07-31', 1, 1, 0, 0, 0, '2020-08-14 20:01:30', '2020-08-14 20:01:30'),
(318, 35, '2020-07-31', 12, 2, 1, 9, 0, '2020-08-14 20:01:30', '2020-08-14 20:01:30'),
(319, 36, '2020-07-31', 17, 6, 3, 8, 0, '2020-08-14 20:01:30', '2020-08-14 20:01:30'),
(320, 37, '2020-07-31', 168, 8, 43, 117, 9, '2020-08-14 20:01:30', '2020-08-14 20:01:30'),
(321, 38, '2020-07-31', 7, 0, 1, 6, 1, '2020-08-14 20:01:30', '2020-08-14 20:01:30'),
(322, 39, '2020-07-31', 7, 1, 0, 6, 1, '2020-08-14 20:01:30', '2020-08-14 20:01:30'),
(323, 40, '2020-07-31', 16, 1, 1, 14, 3, '2020-08-14 20:01:30', '2020-08-14 20:01:30'),
(324, 41, '2020-07-31', 27, 0, 1, 26, 3, '2020-08-14 20:01:30', '2020-08-14 20:01:30'),
(325, 42, '2020-07-31', 6, 0, 2, 4, 0, '2020-08-14 20:01:31', '2020-08-14 20:01:31'),
(326, 43, '2020-07-31', 2, 0, 0, 2, 0, '2020-08-14 20:01:31', '2020-08-14 20:01:31'),
(327, 45, '2020-07-31', 5, 0, 0, 5, 3, '2020-08-14 20:01:31', '2020-08-14 20:01:31'),
(328, 46, '2020-07-31', 117, 7, 48, 62, 10, '2020-08-14 20:01:31', '2020-08-14 20:01:31'),
(329, 47, '2020-07-31', 155, 14, 72, 69, 8, '2020-08-14 20:01:31', '2020-08-14 20:01:31'),
(330, 48, '2020-07-31', 12, 3, 5, 4, 0, '2020-08-14 20:01:31', '2020-08-14 20:01:31'),
(331, 1, '2020-08-01', 24, 1, 0, 23, 0, '2020-08-14 20:42:44', '2020-08-14 20:42:44'),
(332, 3, '2020-08-01', 3, 0, 0, 3, 0, '2020-08-14 20:42:45', '2020-08-14 20:42:45'),
(333, 4, '2020-08-01', 18, 2, 3, 13, 2, '2020-08-14 20:42:45', '2020-08-14 20:42:45'),
(334, 5, '2020-08-01', 15, 2, 3, 10, 0, '2020-08-14 20:42:45', '2020-08-14 20:42:45'),
(335, 6, '2020-08-01', 2, 2, 0, 0, 0, '2020-08-14 20:42:45', '2020-08-14 20:42:45'),
(336, 7, '2020-08-01', 6, 0, 2, 4, 0, '2020-08-14 20:42:45', '2020-08-14 20:42:45'),
(337, 8, '2020-08-01', 55, 4, 6, 45, 6, '2020-08-14 20:42:45', '2020-08-14 20:42:45'),
(338, 9, '2020-08-01', 5471, 420, 1160, 3891, 242, '2020-08-14 20:42:45', '2020-08-14 20:42:45'),
(339, 10, '2020-08-01', 146, 11, 104, 31, 0, '2020-08-14 20:42:45', '2020-08-14 20:42:45'),
(340, 11, '2020-08-01', 23, 3, 5, 15, 0, '2020-08-14 20:42:45', '2020-08-14 20:42:45'),
(341, 12, '2020-08-01', 2, 1, 0, 1, 0, '2020-08-14 20:42:45', '2020-08-14 20:42:45'),
(342, 13, '2020-08-01', 139, 14, 26, 99, 11, '2020-08-14 20:42:45', '2020-08-14 20:42:45'),
(343, 14, '2020-08-01', 32, 3, 6, 23, 0, '2020-08-14 20:42:45', '2020-08-14 20:42:45'),
(344, 15, '2020-08-01', 398, 37, 217, 144, 0, '2020-08-14 20:42:45', '2020-08-14 20:42:45'),
(345, 16, '2020-08-01', 3, 0, 0, 3, 0, '2020-08-14 20:42:45', '2020-08-14 20:42:45'),
(346, 17, '2020-08-01', 28, 2, 6, 20, 0, '2020-08-14 20:42:45', '2020-08-14 20:42:45'),
(347, 19, '2020-08-01', 14, 1, 5, 8, 0, '2020-08-14 20:42:45', '2020-08-14 20:42:45'),
(348, 21, '2020-08-01', 6, 0, 0, 6, 0, '2020-08-14 20:42:45', '2020-08-14 20:42:45'),
(349, 22, '2020-08-01', 12, 0, 2, 10, 0, '2020-08-14 20:42:45', '2020-08-14 20:42:45'),
(350, 23, '2020-08-01', 448, 26, 188, 234, 0, '2020-08-14 20:42:45', '2020-08-14 20:42:45'),
(351, 24, '2020-08-01', 100, 16, 56, 28, 7, '2020-08-14 20:42:45', '2020-08-14 20:42:45'),
(352, 25, '2020-08-01', 705, 34, 193, 478, 44, '2020-08-14 20:42:45', '2020-08-14 20:42:45'),
(353, 26, '2020-08-01', 664, 47, 274, 343, 30, '2020-08-14 20:42:45', '2020-08-14 20:42:45'),
(354, 28, '2020-08-01', 82, 1, 4, 77, 11, '2020-08-14 20:42:45', '2020-08-14 20:42:45'),
(355, 29, '2020-08-01', 27, 1, 25, 1, 0, '2020-08-14 20:42:45', '2020-08-14 20:42:45'),
(356, 30, '2020-08-01', 241, 4, 101, 136, 0, '2020-08-14 20:42:45', '2020-08-14 20:42:45'),
(357, 31, '2020-08-01', 8, 0, 4, 4, 0, '2020-08-14 20:42:45', '2020-08-14 20:42:45'),
(358, 32, '2020-08-01', 160, 7, 80, 73, 1, '2020-08-14 20:42:45', '2020-08-14 20:42:45'),
(359, 33, '2020-08-01', 1, 1, 0, 0, 0, '2020-08-14 20:42:45', '2020-08-14 20:42:45'),
(360, 35, '2020-08-01', 12, 2, 1, 9, 0, '2020-08-14 20:42:45', '2020-08-14 20:42:45'),
(361, 36, '2020-08-01', 17, 6, 3, 8, 0, '2020-08-14 20:42:45', '2020-08-14 20:42:45'),
(362, 37, '2020-08-01', 170, 8, 45, 117, 2, '2020-08-14 20:42:45', '2020-08-14 20:42:45'),
(363, 38, '2020-08-01', 8, 1, 1, 6, 1, '2020-08-14 20:42:45', '2020-08-14 20:42:45'),
(364, 39, '2020-08-01', 7, 1, 0, 6, 0, '2020-08-14 20:42:45', '2020-08-14 20:42:45'),
(365, 40, '2020-08-01', 16, 1, 1, 14, 0, '2020-08-14 20:42:45', '2020-08-14 20:42:45'),
(366, 41, '2020-08-01', 27, 0, 1, 26, 0, '2020-08-14 20:42:45', '2020-08-14 20:42:45'),
(367, 42, '2020-08-01', 6, 0, 2, 4, 0, '2020-08-14 20:42:45', '2020-08-14 20:42:45'),
(368, 43, '2020-08-01', 2, 0, 0, 2, 0, '2020-08-14 20:42:45', '2020-08-14 20:42:45'),
(369, 45, '2020-08-01', 5, 0, 0, 5, 0, '2020-08-14 20:42:45', '2020-08-14 20:42:45'),
(370, 46, '2020-08-01', 117, 7, 55, 55, 0, '2020-08-14 20:42:45', '2020-08-14 20:42:45'),
(371, 47, '2020-08-01', 171, 14, 75, 82, 16, '2020-08-14 20:42:45', '2020-08-14 20:42:45'),
(372, 48, '2020-08-01', 27, 3, 5, 19, 15, '2020-08-14 20:42:45', '2020-08-14 20:42:45'),
(373, 1, '2020-08-02', 24, 1, 0, 23, 0, '2020-08-14 21:11:39', '2020-08-14 21:11:39'),
(374, 3, '2020-08-02', 3, 0, 0, 3, 0, '2020-08-14 21:11:39', '2020-08-14 21:11:39'),
(375, 4, '2020-08-02', 18, 2, 3, 13, 0, '2020-08-14 21:11:39', '2020-08-14 21:11:39'),
(376, 5, '2020-08-02', 15, 2, 3, 10, 0, '2020-08-14 21:11:39', '2020-08-14 21:11:39'),
(377, 6, '2020-08-02', 2, 2, 0, 0, 0, '2020-08-14 21:11:39', '2020-08-14 21:11:39'),
(378, 7, '2020-08-02', 6, 0, 2, 4, 0, '2020-08-14 21:11:39', '2020-08-14 21:11:39'),
(379, 8, '2020-08-02', 55, 4, 7, 44, 0, '2020-08-14 21:11:39', '2020-08-14 21:11:39'),
(380, 9, '2020-08-02', 5593, 429, 1198, 3966, 122, '2020-08-14 21:11:39', '2020-08-14 21:11:39'),
(381, 10, '2020-08-02', 146, 11, 104, 31, 0, '2020-08-14 21:11:39', '2020-08-14 21:11:39'),
(382, 11, '2020-08-02', 25, 3, 5, 17, 2, '2020-08-14 21:11:39', '2020-08-14 21:11:39'),
(383, 12, '2020-08-02', 2, 1, 0, 1, 0, '2020-08-14 21:11:39', '2020-08-14 21:11:39'),
(384, 13, '2020-08-02', 146, 15, 26, 105, 7, '2020-08-14 21:11:39', '2020-08-14 21:11:39'),
(385, 14, '2020-08-02', 32, 3, 6, 23, 0, '2020-08-14 21:11:39', '2020-08-14 21:11:39'),
(386, 15, '2020-08-02', 403, 37, 222, 144, 5, '2020-08-14 21:11:39', '2020-08-14 21:11:39'),
(387, 16, '2020-08-02', 3, 0, 0, 3, 0, '2020-08-14 21:11:39', '2020-08-14 21:11:39'),
(388, 17, '2020-08-02', 28, 2, 6, 20, 0, '2020-08-14 21:11:39', '2020-08-14 21:11:39'),
(389, 19, '2020-08-02', 14, 1, 5, 8, 0, '2020-08-14 21:11:39', '2020-08-14 21:11:39'),
(390, 21, '2020-08-02', 15, 0, 0, 15, 9, '2020-08-14 21:11:39', '2020-08-14 21:11:39'),
(391, 22, '2020-08-02', 12, 0, 2, 10, 0, '2020-08-14 21:11:39', '2020-08-14 21:11:39'),
(392, 23, '2020-08-02', 449, 26, 198, 225, 1, '2020-08-14 21:11:39', '2020-08-14 21:11:39'),
(393, 24, '2020-08-02', 100, 16, 56, 28, 0, '2020-08-14 21:11:39', '2020-08-14 21:11:39'),
(394, 25, '2020-08-02', 728, 37, 202, 489, 23, '2020-08-14 21:11:39', '2020-08-14 21:11:39'),
(395, 26, '2020-08-02', 669, 49, 278, 342, 5, '2020-08-14 21:11:39', '2020-08-14 21:11:39'),
(396, 28, '2020-08-02', 82, 1, 4, 77, 0, '2020-08-14 21:11:39', '2020-08-14 21:11:39'),
(397, 29, '2020-08-02', 27, 1, 25, 1, 0, '2020-08-14 21:11:39', '2020-08-14 21:11:39'),
(398, 30, '2020-08-02', 242, 4, 101, 137, 1, '2020-08-14 21:11:39', '2020-08-14 21:11:39'),
(399, 31, '2020-08-02', 8, 0, 4, 4, 0, '2020-08-14 21:11:39', '2020-08-14 21:11:39'),
(400, 32, '2020-08-02', 167, 7, 93, 67, 7, '2020-08-14 21:11:39', '2020-08-14 21:11:39'),
(401, 33, '2020-08-02', 1, 1, 0, 0, 0, '2020-08-14 21:11:39', '2020-08-14 21:11:39'),
(402, 35, '2020-08-02', 12, 2, 1, 9, 0, '2020-08-14 21:11:39', '2020-08-14 21:11:39'),
(403, 36, '2020-08-02', 23, 6, 3, 14, 6, '2020-08-14 21:11:39', '2020-08-14 21:11:39'),
(404, 37, '2020-08-02', 173, 8, 45, 120, 3, '2020-08-14 21:11:39', '2020-08-14 21:11:39'),
(405, 38, '2020-08-02', 9, 1, 1, 7, 1, '2020-08-14 21:11:39', '2020-08-14 21:11:39'),
(406, 39, '2020-08-02', 7, 1, 0, 6, 0, '2020-08-14 21:11:39', '2020-08-14 21:11:39'),
(407, 40, '2020-08-02', 20, 1, 1, 18, 4, '2020-08-14 21:11:39', '2020-08-14 21:11:39'),
(408, 41, '2020-08-02', 27, 0, 1, 26, 0, '2020-08-14 21:11:39', '2020-08-14 21:11:39'),
(409, 42, '2020-08-02', 6, 0, 2, 4, 0, '2020-08-14 21:11:39', '2020-08-14 21:11:39'),
(410, 43, '2020-08-02', 2, 0, 0, 2, 0, '2020-08-14 21:11:39', '2020-08-14 21:11:39'),
(411, 45, '2020-08-02', 5, 0, 0, 5, 0, '2020-08-14 21:11:39', '2020-08-14 21:11:39'),
(412, 46, '2020-08-02', 119, 7, 61, 51, 2, '2020-08-14 21:11:39', '2020-08-14 21:11:39'),
(413, 47, '2020-08-02', 181, 14, 75, 92, 10, '2020-08-14 21:11:39', '2020-08-14 21:11:39'),
(414, 48, '2020-08-02', 27, 3, 5, 19, 0, '2020-08-14 21:11:39', '2020-08-14 21:11:39'),
(415, 1, '2020-08-03', 29, 1, 0, 28, 5, '2020-08-14 21:43:52', '2020-08-14 21:43:52'),
(416, 3, '2020-08-03', 3, 0, 0, 3, 0, '2020-08-14 21:43:52', '2020-08-14 21:43:52'),
(417, 4, '2020-08-03', 20, 2, 3, 15, 2, '2020-08-14 21:43:52', '2020-08-14 21:43:52'),
(418, 5, '2020-08-03', 15, 2, 3, 10, 0, '2020-08-14 21:43:52', '2020-08-14 21:43:52'),
(419, 6, '2020-08-03', 2, 2, 0, 0, 0, '2020-08-14 21:43:52', '2020-08-14 21:43:52'),
(420, 7, '2020-08-03', 6, 0, 2, 4, 0, '2020-08-14 21:43:52', '2020-08-14 21:43:52'),
(421, 8, '2020-08-03', 55, 4, 7, 44, 0, '2020-08-14 21:43:52', '2020-08-14 21:43:52'),
(422, 9, '2020-08-03', 5697, 442, 1227, 4028, 104, '2020-08-14 21:43:52', '2020-08-14 21:43:52'),
(423, 10, '2020-08-03', 146, 11, 107, 28, 0, '2020-08-14 21:43:52', '2020-08-14 21:43:52'),
(424, 11, '2020-08-03', 25, 3, 5, 17, 0, '2020-08-14 21:43:52', '2020-08-14 21:43:52'),
(425, 12, '2020-08-03', 2, 1, 0, 1, 0, '2020-08-14 21:43:52', '2020-08-14 21:43:52'),
(426, 13, '2020-08-03', 153, 15, 26, 112, 7, '2020-08-14 21:43:52', '2020-08-14 21:43:52'),
(427, 14, '2020-08-03', 32, 3, 6, 23, 0, '2020-08-14 21:43:52', '2020-08-14 21:43:52'),
(428, 15, '2020-08-03', 403, 37, 227, 139, 0, '2020-08-14 21:43:52', '2020-08-14 21:43:52'),
(429, 16, '2020-08-03', 3, 0, 0, 3, 0, '2020-08-14 21:43:52', '2020-08-14 21:43:52'),
(430, 17, '2020-08-03', 33, 2, 6, 25, 5, '2020-08-14 21:43:52', '2020-08-14 21:43:52'),
(431, 19, '2020-08-03', 14, 1, 5, 8, 0, '2020-08-14 21:43:52', '2020-08-14 21:43:52'),
(432, 21, '2020-08-03', 15, 0, 0, 15, 0, '2020-08-14 21:43:52', '2020-08-14 21:43:52'),
(433, 22, '2020-08-03', 12, 0, 2, 10, 0, '2020-08-14 21:43:52', '2020-08-14 21:43:52'),
(434, 23, '2020-08-03', 449, 26, 198, 225, 0, '2020-08-14 21:43:52', '2020-08-14 21:43:52'),
(435, 24, '2020-08-03', 101, 17, 56, 28, 1, '2020-08-14 21:43:52', '2020-08-14 21:43:52'),
(436, 25, '2020-08-03', 742, 38, 214, 490, 14, '2020-08-14 21:43:52', '2020-08-14 21:43:52'),
(437, 26, '2020-08-03', 680, 49, 281, 350, 11, '2020-08-14 21:43:52', '2020-08-14 21:43:52'),
(438, 28, '2020-08-03', 82, 1, 4, 77, 0, '2020-08-14 21:43:52', '2020-08-14 21:43:52'),
(439, 29, '2020-08-03', 27, 1, 25, 1, 0, '2020-08-14 21:43:52', '2020-08-14 21:43:52'),
(440, 30, '2020-08-03', 251, 4, 101, 146, 9, '2020-08-14 21:43:52', '2020-08-14 21:43:52'),
(441, 31, '2020-08-03', 8, 0, 4, 4, 0, '2020-08-14 21:43:52', '2020-08-14 21:43:52'),
(442, 32, '2020-08-03', 171, 7, 93, 71, 4, '2020-08-14 21:43:52', '2020-08-14 21:43:52'),
(443, 33, '2020-08-03', 1, 1, 0, 0, 0, '2020-08-14 21:43:52', '2020-08-14 21:43:52'),
(444, 35, '2020-08-03', 12, 2, 1, 9, 0, '2020-08-14 21:43:52', '2020-08-14 21:43:52'),
(445, 36, '2020-08-03', 23, 6, 3, 14, 0, '2020-08-14 21:43:52', '2020-08-14 21:43:52'),
(446, 37, '2020-08-03', 181, 8, 45, 128, 8, '2020-08-14 21:43:52', '2020-08-14 21:43:52'),
(447, 38, '2020-08-03', 9, 1, 1, 7, 0, '2020-08-14 21:43:52', '2020-08-14 21:43:52'),
(448, 39, '2020-08-03', 7, 1, 0, 6, 0, '2020-08-14 21:43:52', '2020-08-14 21:43:52'),
(449, 40, '2020-08-03', 20, 1, 1, 18, 0, '2020-08-14 21:43:52', '2020-08-14 21:43:52'),
(450, 41, '2020-08-03', 27, 0, 1, 26, 0, '2020-08-14 21:43:52', '2020-08-14 21:43:52'),
(451, 42, '2020-08-03', 6, 0, 2, 4, 0, '2020-08-14 21:43:52', '2020-08-14 21:43:52'),
(452, 43, '2020-08-03', 2, 0, 0, 2, 0, '2020-08-14 21:43:52', '2020-08-14 21:43:52'),
(453, 45, '2020-08-03', 5, 0, 0, 5, 0, '2020-08-14 21:43:52', '2020-08-14 21:43:52'),
(454, 46, '2020-08-03', 135, 7, 61, 67, 16, '2020-08-14 21:43:52', '2020-08-14 21:43:52'),
(455, 47, '2020-08-03', 184, 14, 77, 93, 3, '2020-08-14 21:43:52', '2020-08-14 21:43:52'),
(456, 48, '2020-08-03', 27, 3, 5, 19, 0, '2020-08-14 21:43:52', '2020-08-14 21:43:52'),
(457, 1, '2020-08-04', 32, 1, 0, 31, 3, '2020-08-14 22:31:33', '2020-08-14 22:31:33'),
(458, 3, '2020-08-04', 3, 0, 0, 3, 0, '2020-08-14 22:31:33', '2020-08-14 22:31:33'),
(459, 4, '2020-08-04', 20, 2, 4, 14, 0, '2020-08-14 22:31:33', '2020-08-14 22:31:33'),
(460, 5, '2020-08-04', 15, 2, 3, 10, 0, '2020-08-14 22:31:33', '2020-08-14 22:31:33'),
(461, 6, '2020-08-04', 2, 2, 0, 0, 0, '2020-08-14 22:31:33', '2020-08-14 22:31:33'),
(462, 7, '2020-08-04', 6, 0, 2, 4, 0, '2020-08-14 22:31:33', '2020-08-14 22:31:33'),
(463, 8, '2020-08-04', 59, 4, 7, 48, 4, '2020-08-14 22:31:33', '2020-08-14 22:31:33'),
(464, 9, '2020-08-04', 5863, 454, 1282, 4127, 166, '2020-08-14 22:31:33', '2020-08-14 22:31:33'),
(465, 10, '2020-08-04', 146, 11, 107, 28, 0, '2020-08-14 22:31:33', '2020-08-14 22:31:33'),
(466, 11, '2020-08-04', 25, 3, 5, 17, 0, '2020-08-14 22:31:33', '2020-08-14 22:31:33'),
(467, 12, '2020-08-04', 2, 1, 0, 1, 0, '2020-08-14 22:31:33', '2020-08-14 22:31:33'),
(468, 13, '2020-08-04', 158, 16, 29, 113, 5, '2020-08-14 22:31:33', '2020-08-14 22:31:33'),
(469, 14, '2020-08-04', 32, 3, 6, 23, 0, '2020-08-14 22:31:33', '2020-08-14 22:31:33'),
(470, 15, '2020-08-04', 403, 37, 235, 131, 0, '2020-08-14 22:31:33', '2020-08-14 22:31:33'),
(471, 16, '2020-08-04', 3, 0, 0, 3, 0, '2020-08-14 22:31:33', '2020-08-14 22:31:33'),
(472, 17, '2020-08-04', 33, 2, 12, 19, 0, '2020-08-14 22:31:33', '2020-08-14 22:31:33'),
(473, 19, '2020-08-04', 14, 1, 5, 8, 0, '2020-08-14 22:31:33', '2020-08-14 22:31:33'),
(474, 21, '2020-08-04', 15, 0, 0, 15, 0, '2020-08-14 22:31:33', '2020-08-14 22:31:33'),
(475, 22, '2020-08-04', 12, 0, 2, 10, 0, '2020-08-14 22:31:33', '2020-08-14 22:31:33'),
(476, 23, '2020-08-04', 449, 26, 207, 216, 0, '2020-08-14 22:31:33', '2020-08-14 22:31:33'),
(477, 24, '2020-08-04', 102, 17, 56, 29, 1, '2020-08-14 22:31:33', '2020-08-14 22:31:33'),
(478, 25, '2020-08-04', 766, 40, 223, 503, 24, '2020-08-14 22:31:33', '2020-08-14 22:31:33'),
(479, 26, '2020-08-04', 699, 50, 286, 363, 19, '2020-08-14 22:31:33', '2020-08-14 22:31:33'),
(480, 28, '2020-08-04', 84, 2, 4, 78, 2, '2020-08-14 22:31:33', '2020-08-14 22:31:33'),
(481, 29, '2020-08-04', 27, 1, 25, 1, 0, '2020-08-14 22:31:33', '2020-08-14 22:31:33'),
(482, 30, '2020-08-04', 251, 4, 103, 144, 0, '2020-08-14 22:31:33', '2020-08-14 22:31:33'),
(483, 31, '2020-08-04', 8, 0, 4, 4, 0, '2020-08-14 22:31:33', '2020-08-14 22:31:33'),
(484, 32, '2020-08-04', 179, 7, 93, 79, 8, '2020-08-14 22:31:33', '2020-08-14 22:31:33'),
(485, 33, '2020-08-04', 1, 1, 0, 0, 0, '2020-08-14 22:31:33', '2020-08-14 22:31:33'),
(486, 35, '2020-08-04', 12, 2, 1, 9, 0, '2020-08-14 22:31:33', '2020-08-14 22:31:33'),
(487, 36, '2020-08-04', 23, 6, 3, 14, 0, '2020-08-14 22:31:33', '2020-08-14 22:31:33'),
(488, 37, '2020-08-04', 185, 8, 46, 131, 4, '2020-08-14 22:31:33', '2020-08-14 22:31:33'),
(489, 38, '2020-08-04', 9, 1, 1, 7, 0, '2020-08-14 22:31:33', '2020-08-14 22:31:33'),
(490, 39, '2020-08-04', 7, 1, 0, 6, 0, '2020-08-14 22:31:33', '2020-08-14 22:31:33'),
(491, 40, '2020-08-04', 20, 1, 1, 18, 0, '2020-08-14 22:31:33', '2020-08-14 22:31:33'),
(492, 41, '2020-08-04', 33, 0, 1, 32, 6, '2020-08-14 22:31:33', '2020-08-14 22:31:33'),
(493, 42, '2020-08-04', 6, 0, 2, 4, 0, '2020-08-14 22:31:33', '2020-08-14 22:31:33'),
(494, 43, '2020-08-04', 2, 0, 2, 0, 0, '2020-08-14 22:31:33', '2020-08-14 22:31:33'),
(495, 45, '2020-08-04', 5, 0, 0, 5, 0, '2020-08-14 22:31:33', '2020-08-14 22:31:33'),
(496, 46, '2020-08-04', 135, 7, 63, 65, 0, '2020-08-14 22:31:33', '2020-08-14 22:31:33'),
(497, 47, '2020-08-04', 185, 14, 82, 89, 1, '2020-08-14 22:31:33', '2020-08-14 22:31:33'),
(498, 48, '2020-08-04', 27, 3, 5, 19, 0, '2020-08-14 22:31:33', '2020-08-14 22:31:33'),
(499, 1, '2020-08-05', 32, 1, 0, 31, 0, '2020-08-14 23:38:52', '2020-08-14 23:38:52'),
(500, 3, '2020-08-05', 3, 0, 0, 3, 0, '2020-08-14 23:38:52', '2020-08-14 23:38:52'),
(501, 4, '2020-08-05', 20, 2, 5, 13, 0, '2020-08-14 23:38:52', '2020-08-14 23:38:52'),
(502, 5, '2020-08-05', 15, 2, 3, 10, 0, '2020-08-14 23:38:53', '2020-08-14 23:38:53'),
(503, 6, '2020-08-05', 3, 2, 0, 1, 1, '2020-08-14 23:38:53', '2020-08-14 23:38:53'),
(504, 7, '2020-08-05', 6, 0, 2, 4, 0, '2020-08-14 23:38:53', '2020-08-14 23:38:53'),
(505, 8, '2020-08-05', 64, 4, 7, 53, 5, '2020-08-14 23:38:53', '2020-08-14 23:38:53'),
(506, 9, '2020-08-05', 5948, 464, 1334, 4150, 85, '2020-08-14 23:38:53', '2020-08-14 23:38:53'),
(507, 10, '2020-08-05', 149, 11, 108, 30, 3, '2020-08-14 23:38:53', '2020-08-14 23:38:53'),
(508, 11, '2020-08-05', 26, 4, 5, 17, 1, '2020-08-14 23:38:53', '2020-08-14 23:38:53'),
(509, 12, '2020-08-05', 2, 1, 0, 1, 0, '2020-08-14 23:38:53', '2020-08-14 23:38:53'),
(510, 13, '2020-08-05', 160, 16, 32, 112, 2, '2020-08-14 23:38:53', '2020-08-14 23:38:53'),
(511, 14, '2020-08-05', 32, 3, 7, 22, 0, '2020-08-14 23:38:53', '2020-08-14 23:38:53'),
(512, 15, '2020-08-05', 403, 37, 235, 131, 0, '2020-08-14 23:38:53', '2020-08-14 23:38:53'),
(513, 16, '2020-08-05', 3, 0, 0, 3, 0, '2020-08-14 23:38:53', '2020-08-14 23:38:53'),
(514, 17, '2020-08-05', 33, 2, 12, 19, 0, '2020-08-14 23:38:53', '2020-08-14 23:38:53'),
(515, 19, '2020-08-05', 14, 1, 5, 8, 0, '2020-08-14 23:38:53', '2020-08-14 23:38:53'),
(516, 21, '2020-08-05', 15, 0, 0, 15, 0, '2020-08-14 23:38:53', '2020-08-14 23:38:53'),
(517, 22, '2020-08-05', 12, 0, 2, 10, 0, '2020-08-14 23:38:53', '2020-08-14 23:38:53'),
(518, 23, '2020-08-05', 453, 26, 212, 215, 4, '2020-08-14 23:38:53', '2020-08-14 23:38:53'),
(519, 24, '2020-08-05', 104, 17, 56, 31, 2, '2020-08-14 23:38:53', '2020-08-14 23:38:53'),
(520, 25, '2020-08-05', 782, 40, 228, 514, 16, '2020-08-14 23:38:53', '2020-08-14 23:38:53'),
(521, 26, '2020-08-05', 713, 53, 290, 370, 14, '2020-08-14 23:38:53', '2020-08-14 23:38:53'),
(522, 28, '2020-08-05', 84, 2, 4, 78, 0, '2020-08-14 23:38:53', '2020-08-14 23:38:53'),
(523, 29, '2020-08-05', 27, 1, 25, 1, 0, '2020-08-14 23:38:53', '2020-08-14 23:38:53'),
(524, 30, '2020-08-05', 254, 4, 103, 147, 3, '2020-08-14 23:38:53', '2020-08-14 23:38:53'),
(525, 31, '2020-08-05', 8, 0, 4, 4, 0, '2020-08-14 23:38:53', '2020-08-14 23:38:53'),
(526, 32, '2020-08-05', 181, 7, 93, 81, 2, '2020-08-14 23:38:53', '2020-08-14 23:38:53'),
(527, 33, '2020-08-05', 1, 1, 0, 0, 0, '2020-08-14 23:38:53', '2020-08-14 23:38:53'),
(528, 35, '2020-08-05', 12, 2, 1, 9, 0, '2020-08-14 23:38:53', '2020-08-14 23:38:53'),
(529, 36, '2020-08-05', 23, 6, 3, 14, 0, '2020-08-14 23:38:53', '2020-08-14 23:38:53'),
(530, 37, '2020-08-05', 193, 8, 47, 138, 8, '2020-08-14 23:38:53', '2020-08-14 23:38:53'),
(531, 38, '2020-08-05', 9, 1, 1, 7, 0, '2020-08-14 23:38:53', '2020-08-14 23:38:53'),
(532, 39, '2020-08-05', 7, 1, 0, 6, 0, '2020-08-14 23:38:53', '2020-08-14 23:38:53'),
(533, 40, '2020-08-05', 20, 1, 1, 18, 0, '2020-08-14 23:38:53', '2020-08-14 23:38:53'),
(534, 41, '2020-08-05', 34, 0, 1, 33, 1, '2020-08-14 23:38:53', '2020-08-14 23:38:53'),
(535, 42, '2020-08-05', 6, 0, 2, 4, 0, '2020-08-14 23:38:53', '2020-08-14 23:38:53'),
(536, 43, '2020-08-05', 2, 0, 2, 0, 0, '2020-08-14 23:38:53', '2020-08-14 23:38:53'),
(537, 45, '2020-08-05', 5, 0, 0, 5, 0, '2020-08-14 23:38:53', '2020-08-14 23:38:53'),
(538, 46, '2020-08-05', 135, 7, 64, 64, 0, '2020-08-14 23:38:53', '2020-08-14 23:38:53'),
(539, 47, '2020-08-05', 185, 15, 82, 88, 0, '2020-08-14 23:38:53', '2020-08-14 23:38:53'),
(540, 48, '2020-08-05', 34, 3, 5, 26, 7, '2020-08-14 23:38:53', '2020-08-14 23:38:53'),
(541, 18, '2020-08-05', 1, 0, 0, 1, 1, '2020-08-14 23:38:56', '2020-08-14 23:40:34'),
(542, 1, '2020-08-06', 32, 1, 0, 31, 0, '2020-08-15 00:29:57', '2020-08-15 00:29:57'),
(543, 3, '2020-08-06', 3, 0, 0, 3, 0, '2020-08-15 00:29:57', '2020-08-15 00:29:57'),
(544, 4, '2020-08-06', 20, 2, 5, 13, 0, '2020-08-15 00:29:57', '2020-08-15 00:29:57'),
(545, 5, '2020-08-06', 15, 2, 3, 10, 0, '2020-08-15 00:29:57', '2020-08-15 00:29:57'),
(546, 6, '2020-08-06', 3, 2, 0, 1, 0, '2020-08-15 00:29:57', '2020-08-15 00:29:57'),
(547, 7, '2020-08-06', 6, 0, 4, 2, 0, '2020-08-15 00:29:57', '2020-08-15 00:29:57'),
(548, 8, '2020-08-06', 66, 4, 7, 55, 2, '2020-08-15 00:29:57', '2020-08-15 00:29:57'),
(549, 9, '2020-08-06', 6021, 473, 1383, 4165, 73, '2020-08-15 00:29:57', '2020-08-15 00:29:57'),
(550, 10, '2020-08-06', 150, 11, 108, 31, 1, '2020-08-15 00:29:57', '2020-08-15 00:29:57'),
(551, 11, '2020-08-06', 26, 4, 5, 17, 0, '2020-08-15 00:29:57', '2020-08-15 00:29:57'),
(552, 12, '2020-08-06', 2, 1, 0, 1, 0, '2020-08-15 00:29:57', '2020-08-15 00:29:57'),
(553, 13, '2020-08-06', 162, 16, 33, 113, 2, '2020-08-15 00:29:57', '2020-08-15 00:29:57'),
(554, 14, '2020-08-06', 32, 3, 7, 22, 0, '2020-08-15 00:29:57', '2020-08-15 00:29:57'),
(555, 15, '2020-08-06', 403, 37, 239, 127, 0, '2020-08-15 00:29:57', '2020-08-15 00:29:57'),
(556, 16, '2020-08-06', 3, 0, 0, 3, 0, '2020-08-15 00:29:57', '2020-08-15 00:29:57'),
(557, 17, '2020-08-06', 33, 2, 12, 19, 0, '2020-08-15 00:29:57', '2020-08-15 00:29:57'),
(558, 18, '2020-08-06', 1, 0, 0, 1, 0, '2020-08-15 00:29:57', '2020-08-15 00:29:57'),
(559, 19, '2020-08-06', 14, 1, 5, 8, 0, '2020-08-15 00:29:57', '2020-08-15 00:29:57'),
(560, 21, '2020-08-06', 15, 0, 0, 15, 0, '2020-08-15 00:29:57', '2020-08-15 00:29:57'),
(561, 22, '2020-08-06', 12, 0, 2, 10, 0, '2020-08-15 00:29:57', '2020-08-15 00:29:57'),
(562, 23, '2020-08-06', 453, 26, 213, 214, 0, '2020-08-15 00:29:57', '2020-08-15 00:29:57'),
(563, 24, '2020-08-06', 104, 17, 59, 28, 0, '2020-08-15 00:29:57', '2020-08-15 00:29:57'),
(564, 25, '2020-08-06', 793, 40, 236, 517, 11, '2020-08-15 00:29:57', '2020-08-15 00:29:57'),
(565, 26, '2020-08-06', 716, 57, 296, 363, 3, '2020-08-15 00:29:57', '2020-08-15 00:29:57'),
(566, 28, '2020-08-06', 84, 2, 4, 78, 0, '2020-08-15 00:29:57', '2020-08-15 00:29:57'),
(567, 29, '2020-08-06', 27, 1, 25, 1, 0, '2020-08-15 00:29:57', '2020-08-15 00:29:57'),
(568, 30, '2020-08-06', 254, 4, 103, 147, 0, '2020-08-15 00:29:57', '2020-08-15 00:29:57'),
(569, 31, '2020-08-06', 8, 0, 4, 4, 0, '2020-08-15 00:29:57', '2020-08-15 00:29:57'),
(570, 32, '2020-08-06', 181, 7, 93, 81, 0, '2020-08-15 00:29:57', '2020-08-15 00:29:57'),
(571, 33, '2020-08-06', 1, 1, 0, 0, 0, '2020-08-15 00:29:57', '2020-08-15 00:29:57'),
(572, 35, '2020-08-06', 12, 2, 1, 9, 0, '2020-08-15 00:29:57', '2020-08-15 00:29:57'),
(573, 36, '2020-08-06', 23, 6, 6, 11, 0, '2020-08-15 00:29:57', '2020-08-15 00:29:57'),
(574, 37, '2020-08-06', 193, 8, 48, 137, 0, '2020-08-15 00:29:57', '2020-08-15 00:29:57'),
(575, 38, '2020-08-06', 9, 1, 1, 7, 0, '2020-08-15 00:29:57', '2020-08-15 00:29:57'),
(576, 39, '2020-08-06', 7, 1, 0, 6, 0, '2020-08-15 00:29:57', '2020-08-15 00:29:57'),
(577, 40, '2020-08-06', 20, 1, 1, 18, 0, '2020-08-15 00:29:57', '2020-08-15 00:29:57'),
(578, 41, '2020-08-06', 34, 0, 1, 33, 0, '2020-08-15 00:29:57', '2020-08-15 00:29:57'),
(579, 42, '2020-08-06', 6, 0, 2, 4, 0, '2020-08-15 00:29:58', '2020-08-15 00:29:58');
INSERT INTO `casos_municipio` (`id`, `id_municipio`, `fecha`, `confirmados`, `decesos`, `recuperados`, `activos`, `hoy`, `f_creacion`, `f_actualizacion`) VALUES
(580, 43, '2020-08-06', 2, 0, 2, 0, 0, '2020-08-15 00:29:58', '2020-08-15 00:29:58'),
(581, 45, '2020-08-06', 5, 0, 0, 5, 0, '2020-08-15 00:29:58', '2020-08-15 00:29:58'),
(582, 46, '2020-08-06', 135, 8, 64, 63, 0, '2020-08-15 00:29:58', '2020-08-15 00:29:58'),
(583, 47, '2020-08-06', 189, 15, 82, 92, 4, '2020-08-15 00:29:58', '2020-08-15 00:29:58'),
(584, 48, '2020-08-06', 34, 3, 5, 26, 0, '2020-08-15 00:29:58', '2020-08-15 00:29:58'),
(585, 1, '2020-08-07', 32, 1, 0, 31, 0, '2020-08-15 00:44:25', '2020-08-15 00:44:25'),
(586, 3, '2020-08-07', 3, 0, 0, 3, 0, '2020-08-15 00:44:25', '2020-08-15 00:44:25'),
(587, 4, '2020-08-07', 20, 2, 5, 13, 0, '2020-08-15 00:44:25', '2020-08-15 00:44:25'),
(588, 5, '2020-08-07', 15, 2, 3, 10, 0, '2020-08-15 00:44:25', '2020-08-15 00:44:25'),
(589, 6, '2020-08-07', 3, 2, 0, 1, 0, '2020-08-15 00:44:25', '2020-08-15 00:44:25'),
(590, 7, '2020-08-07', 6, 0, 4, 2, 0, '2020-08-15 00:44:25', '2020-08-15 00:44:25'),
(591, 8, '2020-08-07', 66, 4, 7, 55, 0, '2020-08-15 00:44:25', '2020-08-15 00:44:25'),
(592, 9, '2020-08-07', 6070, 478, 1421, 4171, 49, '2020-08-15 00:44:25', '2020-08-15 00:44:25'),
(593, 10, '2020-08-07', 150, 11, 108, 31, 0, '2020-08-15 00:44:25', '2020-08-15 00:44:25'),
(594, 11, '2020-08-07', 26, 4, 5, 17, 0, '2020-08-15 00:44:25', '2020-08-15 00:44:25'),
(595, 12, '2020-08-07', 2, 1, 0, 1, 0, '2020-08-15 00:44:25', '2020-08-15 00:44:25'),
(596, 13, '2020-08-07', 162, 16, 33, 113, 0, '2020-08-15 00:44:25', '2020-08-15 00:44:25'),
(597, 14, '2020-08-07', 32, 3, 7, 22, 0, '2020-08-15 00:44:25', '2020-08-15 00:44:25'),
(598, 15, '2020-08-07', 403, 37, 252, 114, 0, '2020-08-15 00:44:25', '2020-08-15 00:44:25'),
(599, 16, '2020-08-07', 3, 0, 0, 3, 0, '2020-08-15 00:44:25', '2020-08-15 00:44:25'),
(600, 17, '2020-08-07', 43, 2, 12, 29, 10, '2020-08-15 00:44:25', '2020-08-15 00:44:25'),
(601, 18, '2020-08-07', 1, 0, 0, 1, 0, '2020-08-15 00:44:25', '2020-08-15 00:44:25'),
(602, 19, '2020-08-07', 14, 1, 5, 8, 0, '2020-08-15 00:44:25', '2020-08-15 00:44:25'),
(603, 21, '2020-08-07', 15, 0, 0, 15, 0, '2020-08-15 00:44:25', '2020-08-15 00:44:25'),
(604, 22, '2020-08-07', 12, 0, 2, 10, 0, '2020-08-15 00:44:25', '2020-08-15 00:44:25'),
(605, 23, '2020-08-07', 453, 26, 214, 213, 0, '2020-08-15 00:44:25', '2020-08-15 00:44:25'),
(606, 24, '2020-08-07', 104, 20, 61, 23, 0, '2020-08-15 00:44:25', '2020-08-15 00:44:25'),
(607, 25, '2020-08-07', 798, 41, 257, 500, 5, '2020-08-15 00:44:25', '2020-08-15 00:44:25'),
(608, 26, '2020-08-07', 724, 58, 302, 364, 8, '2020-08-15 00:44:25', '2020-08-15 00:44:25'),
(609, 28, '2020-08-07', 84, 2, 4, 78, 0, '2020-08-15 00:44:25', '2020-08-15 00:44:25'),
(610, 29, '2020-08-07', 27, 1, 25, 1, 0, '2020-08-15 00:44:25', '2020-08-15 00:44:25'),
(611, 30, '2020-08-07', 254, 4, 103, 147, 0, '2020-08-15 00:44:25', '2020-08-15 00:44:25'),
(612, 31, '2020-08-07', 8, 0, 4, 4, 0, '2020-08-15 00:44:25', '2020-08-15 00:44:25'),
(613, 32, '2020-08-07', 185, 7, 93, 85, 4, '2020-08-15 00:44:25', '2020-08-15 00:44:25'),
(614, 33, '2020-08-07', 1, 1, 0, 0, 0, '2020-08-15 00:44:25', '2020-08-15 00:44:25'),
(615, 35, '2020-08-07', 15, 2, 1, 12, 3, '2020-08-15 00:44:25', '2020-08-15 00:44:25'),
(616, 36, '2020-08-07', 23, 6, 6, 11, 0, '2020-08-15 00:44:25', '2020-08-15 00:44:25'),
(617, 37, '2020-08-07', 193, 8, 49, 136, 0, '2020-08-15 00:44:25', '2020-08-15 00:44:25'),
(618, 38, '2020-08-07', 9, 2, 1, 6, 0, '2020-08-15 00:44:25', '2020-08-15 00:44:25'),
(619, 39, '2020-08-07', 7, 1, 0, 6, 0, '2020-08-15 00:44:25', '2020-08-15 00:44:25'),
(620, 40, '2020-08-07', 20, 1, 1, 18, 0, '2020-08-15 00:44:25', '2020-08-15 00:44:25'),
(621, 41, '2020-08-07', 34, 0, 1, 33, 0, '2020-08-15 00:44:25', '2020-08-15 00:44:25'),
(622, 42, '2020-08-07', 6, 0, 2, 4, 0, '2020-08-15 00:44:25', '2020-08-15 00:44:25'),
(623, 43, '2020-08-07', 2, 0, 2, 0, 0, '2020-08-15 00:44:25', '2020-08-15 00:44:25'),
(624, 45, '2020-08-07', 5, 0, 0, 5, 0, '2020-08-15 00:44:25', '2020-08-15 00:44:25'),
(625, 46, '2020-08-07', 135, 9, 64, 62, 0, '2020-08-15 00:44:25', '2020-08-15 00:44:25'),
(626, 47, '2020-08-07', 189, 15, 82, 92, 0, '2020-08-15 00:44:25', '2020-08-15 00:44:25'),
(627, 48, '2020-08-07', 38, 3, 5, 30, 4, '2020-08-15 00:44:25', '2020-08-15 00:44:25'),
(628, 1, '2020-08-08', 33, 1, 0, 32, 1, '2020-08-15 01:10:58', '2020-08-15 01:10:58'),
(629, 3, '2020-08-08', 3, 0, 0, 3, 0, '2020-08-15 01:10:58', '2020-08-15 01:10:58'),
(630, 4, '2020-08-08', 21, 2, 5, 14, 1, '2020-08-15 01:10:58', '2020-08-15 01:10:58'),
(631, 5, '2020-08-08', 15, 2, 3, 10, 0, '2020-08-15 01:10:58', '2020-08-15 01:10:58'),
(632, 6, '2020-08-08', 3, 2, 0, 1, 0, '2020-08-15 01:10:58', '2020-08-15 01:10:58'),
(633, 7, '2020-08-08', 6, 0, 4, 2, 0, '2020-08-15 01:10:58', '2020-08-15 01:10:58'),
(634, 8, '2020-08-08', 68, 4, 7, 57, 2, '2020-08-15 01:10:58', '2020-08-15 01:10:58'),
(635, 9, '2020-08-08', 6095, 480, 1461, 4154, 25, '2020-08-15 01:10:58', '2020-08-15 01:10:58'),
(636, 10, '2020-08-08', 150, 11, 113, 26, 0, '2020-08-15 01:10:58', '2020-08-15 01:10:58'),
(637, 11, '2020-08-08', 26, 4, 5, 17, 0, '2020-08-15 01:10:58', '2020-08-15 01:10:58'),
(638, 12, '2020-08-08', 2, 1, 0, 1, 0, '2020-08-15 01:10:58', '2020-08-15 01:10:58'),
(639, 13, '2020-08-08', 162, 16, 34, 112, 0, '2020-08-15 01:10:58', '2020-08-15 01:10:58'),
(640, 14, '2020-08-08', 32, 3, 7, 22, 0, '2020-08-15 01:10:58', '2020-08-15 01:10:58'),
(641, 15, '2020-08-08', 403, 37, 252, 114, 0, '2020-08-15 01:10:58', '2020-08-15 01:10:58'),
(642, 16, '2020-08-08', 3, 0, 0, 3, 0, '2020-08-15 01:10:58', '2020-08-15 01:10:58'),
(643, 17, '2020-08-08', 44, 2, 12, 30, 1, '2020-08-15 01:10:58', '2020-08-15 01:10:58'),
(644, 18, '2020-08-08', 1, 0, 0, 1, 0, '2020-08-15 01:10:58', '2020-08-15 01:10:58'),
(645, 19, '2020-08-08', 14, 1, 5, 8, 0, '2020-08-15 01:10:58', '2020-08-15 01:10:58'),
(646, 21, '2020-08-08', 15, 0, 0, 15, 0, '2020-08-15 01:10:58', '2020-08-15 01:10:58'),
(647, 22, '2020-08-08', 12, 0, 2, 10, 0, '2020-08-15 01:10:58', '2020-08-15 01:10:58'),
(648, 23, '2020-08-08', 454, 26, 229, 199, 1, '2020-08-15 01:10:58', '2020-08-15 01:10:58'),
(649, 24, '2020-08-08', 104, 20, 61, 23, 0, '2020-08-15 01:10:58', '2020-08-15 01:10:58'),
(650, 25, '2020-08-08', 801, 43, 259, 499, 3, '2020-08-15 01:10:58', '2020-08-15 01:10:58'),
(651, 26, '2020-08-08', 727, 59, 309, 359, 3, '2020-08-15 01:10:58', '2020-08-15 01:10:58'),
(652, 28, '2020-08-08', 84, 2, 4, 78, 0, '2020-08-15 01:10:58', '2020-08-15 01:10:58'),
(653, 29, '2020-08-08', 28, 1, 25, 2, 1, '2020-08-15 01:10:58', '2020-08-15 01:10:58'),
(654, 30, '2020-08-08', 254, 4, 109, 141, 0, '2020-08-15 01:10:58', '2020-08-15 01:10:58'),
(655, 31, '2020-08-08', 8, 0, 4, 4, 0, '2020-08-15 01:10:58', '2020-08-15 01:10:58'),
(656, 32, '2020-08-08', 185, 7, 93, 85, 0, '2020-08-15 01:10:58', '2020-08-15 01:10:58'),
(657, 33, '2020-08-08', 1, 1, 0, 0, 0, '2020-08-15 01:10:58', '2020-08-15 01:10:58'),
(658, 35, '2020-08-08', 15, 2, 1, 12, 0, '2020-08-15 01:10:58', '2020-08-15 01:10:58'),
(659, 36, '2020-08-08', 23, 6, 6, 11, 0, '2020-08-15 01:10:58', '2020-08-15 01:10:58'),
(660, 37, '2020-08-08', 195, 8, 53, 134, 2, '2020-08-15 01:10:58', '2020-08-15 01:10:58'),
(661, 38, '2020-08-08', 9, 2, 1, 6, 0, '2020-08-15 01:10:58', '2020-08-15 01:10:58'),
(662, 39, '2020-08-08', 7, 1, 0, 6, 0, '2020-08-15 01:10:58', '2020-08-15 01:10:58'),
(663, 40, '2020-08-08', 20, 1, 1, 18, 0, '2020-08-15 01:10:58', '2020-08-15 01:10:58'),
(664, 41, '2020-08-08', 34, 0, 1, 33, 0, '2020-08-15 01:10:58', '2020-08-15 01:10:58'),
(665, 42, '2020-08-08', 6, 0, 2, 4, 0, '2020-08-15 01:10:58', '2020-08-15 01:10:58'),
(666, 43, '2020-08-08', 2, 0, 2, 0, 0, '2020-08-15 01:10:58', '2020-08-15 01:10:58'),
(667, 45, '2020-08-08', 5, 0, 0, 5, 0, '2020-08-15 01:10:58', '2020-08-15 01:10:58'),
(668, 46, '2020-08-08', 135, 9, 67, 59, 0, '2020-08-15 01:10:58', '2020-08-15 01:10:58'),
(669, 47, '2020-08-08', 191, 15, 82, 94, 2, '2020-08-15 01:10:58', '2020-08-15 01:10:58'),
(670, 48, '2020-08-08', 39, 3, 5, 31, 1, '2020-08-15 01:10:58', '2020-08-15 01:10:58'),
(671, 1, '2020-08-09', 33, 1, 0, 32, 0, '2020-08-15 01:35:00', '2020-08-15 01:35:00'),
(672, 3, '2020-08-09', 5, 0, 0, 5, 2, '2020-08-15 01:35:00', '2020-08-15 01:35:00'),
(673, 4, '2020-08-09', 21, 2, 5, 14, 0, '2020-08-15 01:35:00', '2020-08-15 01:35:00'),
(674, 5, '2020-08-09', 15, 2, 3, 10, 0, '2020-08-15 01:35:00', '2020-08-15 01:35:00'),
(675, 6, '2020-08-09', 3, 2, 0, 1, 0, '2020-08-15 01:35:00', '2020-08-15 01:35:00'),
(676, 7, '2020-08-09', 6, 0, 4, 2, 0, '2020-08-15 01:35:00', '2020-08-15 01:35:00'),
(677, 8, '2020-08-09', 75, 4, 9, 62, 7, '2020-08-15 01:35:00', '2020-08-15 01:35:00'),
(678, 9, '2020-08-09', 6182, 483, 1533, 4166, 87, '2020-08-15 01:35:00', '2020-08-15 01:35:00'),
(679, 10, '2020-08-09', 150, 11, 114, 25, 0, '2020-08-15 01:35:00', '2020-08-15 01:35:00'),
(680, 11, '2020-08-09', 26, 4, 5, 17, 0, '2020-08-15 01:35:00', '2020-08-15 01:35:00'),
(681, 12, '2020-08-09', 2, 1, 0, 1, 0, '2020-08-15 01:35:00', '2020-08-15 01:35:00'),
(682, 13, '2020-08-09', 163, 17, 35, 111, 1, '2020-08-15 01:35:00', '2020-08-15 01:35:00'),
(683, 14, '2020-08-09', 32, 3, 7, 22, 0, '2020-08-15 01:35:00', '2020-08-15 01:35:00'),
(684, 15, '2020-08-09', 405, 37, 268, 100, 2, '2020-08-15 01:35:00', '2020-08-15 01:35:00'),
(685, 16, '2020-08-09', 3, 0, 0, 3, 0, '2020-08-15 01:35:00', '2020-08-15 01:35:00'),
(686, 17, '2020-08-09', 44, 2, 12, 30, 0, '2020-08-15 01:35:00', '2020-08-15 01:35:00'),
(687, 18, '2020-08-09', 1, 0, 0, 1, 0, '2020-08-15 01:35:00', '2020-08-15 01:35:00'),
(688, 19, '2020-08-09', 14, 1, 8, 5, 0, '2020-08-15 01:35:00', '2020-08-15 01:35:00'),
(689, 21, '2020-08-09', 15, 0, 0, 15, 0, '2020-08-15 01:35:00', '2020-08-15 01:35:00'),
(690, 22, '2020-08-09', 12, 0, 2, 10, 0, '2020-08-15 01:35:00', '2020-08-15 01:35:00'),
(691, 23, '2020-08-09', 454, 26, 232, 196, 0, '2020-08-15 01:35:00', '2020-08-15 01:35:00'),
(692, 24, '2020-08-09', 104, 20, 61, 23, 0, '2020-08-15 01:35:00', '2020-08-15 01:35:00'),
(693, 25, '2020-08-09', 825, 43, 275, 507, 24, '2020-08-15 01:35:00', '2020-08-15 01:35:00'),
(694, 26, '2020-08-09', 732, 59, 323, 350, 5, '2020-08-15 01:35:00', '2020-08-15 01:35:00'),
(695, 28, '2020-08-09', 85, 2, 4, 79, 1, '2020-08-15 01:35:00', '2020-08-15 01:35:00'),
(696, 29, '2020-08-09', 28, 1, 25, 2, 0, '2020-08-15 01:35:00', '2020-08-15 01:35:00'),
(697, 30, '2020-08-09', 254, 4, 113, 137, 0, '2020-08-15 01:35:00', '2020-08-15 01:35:00'),
(698, 31, '2020-08-09', 8, 0, 4, 4, 0, '2020-08-15 01:35:00', '2020-08-15 01:35:00'),
(699, 32, '2020-08-09', 191, 7, 93, 91, 6, '2020-08-15 01:35:00', '2020-08-15 01:35:00'),
(700, 33, '2020-08-09', 1, 1, 0, 0, 0, '2020-08-15 01:35:00', '2020-08-15 01:35:00'),
(701, 35, '2020-08-09', 15, 2, 1, 12, 0, '2020-08-15 01:35:00', '2020-08-15 01:35:00'),
(702, 36, '2020-08-09', 23, 6, 6, 11, 0, '2020-08-15 01:35:00', '2020-08-15 01:35:00'),
(703, 37, '2020-08-09', 200, 9, 55, 136, 5, '2020-08-15 01:35:00', '2020-08-15 01:35:00'),
(704, 38, '2020-08-09', 9, 2, 1, 6, 0, '2020-08-15 01:35:01', '2020-08-15 01:35:01'),
(705, 39, '2020-08-09', 7, 1, 0, 6, 0, '2020-08-15 01:35:01', '2020-08-15 01:35:01'),
(706, 40, '2020-08-09', 20, 1, 1, 18, 0, '2020-08-15 01:35:01', '2020-08-15 01:35:01'),
(707, 41, '2020-08-09', 34, 0, 1, 33, 0, '2020-08-15 01:35:01', '2020-08-15 01:35:01'),
(708, 42, '2020-08-09', 6, 0, 2, 4, 0, '2020-08-15 01:35:01', '2020-08-15 01:35:01'),
(709, 43, '2020-08-09', 2, 0, 2, 0, 0, '2020-08-15 01:35:01', '2020-08-15 01:35:01'),
(710, 45, '2020-08-09', 5, 0, 0, 5, 0, '2020-08-15 01:35:01', '2020-08-15 01:35:01'),
(711, 46, '2020-08-09', 135, 9, 75, 51, 0, '2020-08-15 01:35:01', '2020-08-15 01:35:01'),
(712, 47, '2020-08-09', 201, 15, 87, 99, 10, '2020-08-15 01:35:01', '2020-08-15 01:35:01'),
(713, 48, '2020-08-09', 40, 3, 5, 32, 1, '2020-08-15 01:35:01', '2020-08-15 01:35:01'),
(714, 1, '2020-08-10', 33, 1, 0, 32, 0, '2020-08-15 01:55:17', '2020-08-15 01:55:17'),
(715, 3, '2020-08-10', 5, 0, 0, 5, 0, '2020-08-15 01:55:17', '2020-08-15 01:55:17'),
(716, 4, '2020-08-10', 21, 2, 5, 14, 0, '2020-08-15 01:55:17', '2020-08-15 01:55:17'),
(717, 5, '2020-08-10', 15, 2, 4, 9, 0, '2020-08-15 01:55:17', '2020-08-15 01:55:17'),
(718, 6, '2020-08-10', 3, 2, 0, 1, 0, '2020-08-15 01:55:17', '2020-08-15 01:55:17'),
(719, 7, '2020-08-10', 6, 0, 4, 2, 0, '2020-08-15 01:55:17', '2020-08-15 01:55:17'),
(720, 8, '2020-08-10', 76, 5, 9, 62, 1, '2020-08-15 01:55:17', '2020-08-15 01:55:17'),
(721, 9, '2020-08-10', 6285, 489, 1650, 4146, 103, '2020-08-15 01:55:17', '2020-08-15 01:55:17'),
(722, 10, '2020-08-10', 150, 11, 119, 20, 0, '2020-08-15 01:55:17', '2020-08-15 01:55:17'),
(723, 11, '2020-08-10', 26, 4, 5, 17, 0, '2020-08-15 01:55:17', '2020-08-15 01:55:17'),
(724, 12, '2020-08-10', 2, 1, 0, 1, 0, '2020-08-15 01:55:17', '2020-08-15 01:55:17'),
(725, 13, '2020-08-10', 163, 17, 36, 110, 0, '2020-08-15 01:55:17', '2020-08-15 01:55:17'),
(726, 14, '2020-08-10', 32, 3, 7, 22, 0, '2020-08-15 01:55:17', '2020-08-15 01:55:17'),
(727, 15, '2020-08-10', 405, 37, 273, 95, 0, '2020-08-15 01:55:17', '2020-08-15 01:55:17'),
(728, 16, '2020-08-10', 3, 0, 0, 3, 0, '2020-08-15 01:55:17', '2020-08-15 01:55:17'),
(729, 17, '2020-08-10', 44, 2, 12, 30, 0, '2020-08-15 01:55:17', '2020-08-15 01:55:17'),
(730, 18, '2020-08-10', 1, 0, 0, 1, 0, '2020-08-15 01:55:17', '2020-08-15 01:55:17'),
(731, 19, '2020-08-10', 14, 1, 8, 5, 0, '2020-08-15 01:55:17', '2020-08-15 01:55:17'),
(732, 21, '2020-08-10', 15, 0, 0, 15, 0, '2020-08-15 01:55:17', '2020-08-15 01:55:17'),
(733, 22, '2020-08-10', 12, 0, 2, 10, 0, '2020-08-15 01:55:17', '2020-08-15 01:55:17'),
(734, 23, '2020-08-10', 454, 27, 235, 192, 0, '2020-08-15 01:55:17', '2020-08-15 01:55:17'),
(735, 24, '2020-08-10', 105, 20, 61, 24, 1, '2020-08-15 01:55:17', '2020-08-15 01:55:17'),
(736, 25, '2020-08-10', 845, 44, 281, 520, 20, '2020-08-15 01:55:17', '2020-08-15 01:55:17'),
(737, 26, '2020-08-10', 734, 59, 324, 351, 2, '2020-08-15 01:55:17', '2020-08-15 01:55:17'),
(738, 28, '2020-08-10', 85, 2, 5, 78, 0, '2020-08-15 01:55:17', '2020-08-15 01:55:17'),
(739, 29, '2020-08-10', 28, 1, 25, 2, 0, '2020-08-15 01:55:17', '2020-08-15 01:55:17'),
(740, 30, '2020-08-10', 254, 4, 116, 134, 0, '2020-08-15 01:55:17', '2020-08-15 01:55:17'),
(741, 31, '2020-08-10', 8, 0, 4, 4, 0, '2020-08-15 01:55:17', '2020-08-15 01:55:17'),
(742, 32, '2020-08-10', 197, 7, 93, 97, 6, '2020-08-15 01:55:17', '2020-08-15 01:55:17'),
(743, 33, '2020-08-10', 1, 1, 0, 0, 0, '2020-08-15 01:55:17', '2020-08-15 01:55:17'),
(744, 35, '2020-08-10', 15, 2, 1, 12, 0, '2020-08-15 01:55:17', '2020-08-15 01:55:17'),
(745, 36, '2020-08-10', 23, 6, 7, 10, 0, '2020-08-15 01:55:17', '2020-08-15 01:55:17'),
(746, 37, '2020-08-10', 201, 9, 59, 133, 1, '2020-08-15 01:55:17', '2020-08-15 01:55:17'),
(747, 38, '2020-08-10', 9, 2, 1, 6, 0, '2020-08-15 01:55:17', '2020-08-15 01:55:17'),
(748, 39, '2020-08-10', 7, 1, 0, 6, 0, '2020-08-15 01:55:17', '2020-08-15 01:55:17'),
(749, 40, '2020-08-10', 20, 1, 1, 18, 0, '2020-08-15 01:55:17', '2020-08-15 01:55:17'),
(750, 41, '2020-08-10', 35, 0, 1, 34, 1, '2020-08-15 01:55:17', '2020-08-15 01:55:17'),
(751, 42, '2020-08-10', 6, 0, 2, 4, 0, '2020-08-15 01:55:17', '2020-08-15 01:55:17'),
(752, 43, '2020-08-10', 2, 0, 2, 0, 0, '2020-08-15 01:55:17', '2020-08-15 01:55:17'),
(753, 45, '2020-08-10', 5, 0, 0, 5, 0, '2020-08-15 01:55:17', '2020-08-15 01:55:17'),
(754, 46, '2020-08-10', 135, 9, 76, 50, 0, '2020-08-15 01:55:17', '2020-08-15 01:55:17'),
(755, 47, '2020-08-10', 202, 16, 88, 98, 1, '2020-08-15 01:55:17', '2020-08-15 01:55:17'),
(756, 48, '2020-08-10', 40, 3, 5, 32, 0, '2020-08-15 01:55:17', '2020-08-15 01:55:17'),
(757, 1, '2020-08-11', 33, 4, 0, 29, 0, '2020-08-15 02:11:55', '2020-08-15 02:11:55'),
(758, 3, '2020-08-11', 5, 0, 0, 5, 0, '2020-08-15 02:11:55', '2020-08-15 02:11:55'),
(759, 4, '2020-08-11', 24, 2, 5, 17, 3, '2020-08-15 02:11:55', '2020-08-15 02:11:55'),
(760, 5, '2020-08-11', 15, 2, 4, 9, 0, '2020-08-15 02:11:55', '2020-08-15 02:11:55'),
(761, 6, '2020-08-11', 3, 2, 0, 1, 0, '2020-08-15 02:11:55', '2020-08-15 02:11:55'),
(762, 7, '2020-08-11', 6, 0, 4, 2, 0, '2020-08-15 02:11:55', '2020-08-15 02:11:55'),
(763, 8, '2020-08-11', 76, 5, 9, 62, 0, '2020-08-15 02:11:55', '2020-08-15 02:11:55'),
(764, 9, '2020-08-11', 6372, 490, 1846, 4036, 87, '2020-08-15 02:11:55', '2020-08-15 02:11:55'),
(765, 10, '2020-08-11', 151, 11, 123, 17, 1, '2020-08-15 02:11:55', '2020-08-15 02:11:55'),
(766, 11, '2020-08-11', 26, 4, 5, 17, 0, '2020-08-15 02:11:55', '2020-08-15 02:11:55'),
(767, 12, '2020-08-11', 2, 1, 0, 1, 0, '2020-08-15 02:11:55', '2020-08-15 02:11:55'),
(768, 13, '2020-08-11', 164, 17, 38, 109, 1, '2020-08-15 02:11:55', '2020-08-15 02:11:55'),
(769, 14, '2020-08-11', 32, 3, 8, 21, 0, '2020-08-15 02:11:55', '2020-08-15 02:11:55'),
(770, 15, '2020-08-11', 410, 37, 277, 96, 5, '2020-08-15 02:11:55', '2020-08-15 02:11:55'),
(771, 16, '2020-08-11', 3, 0, 0, 3, 0, '2020-08-15 02:11:55', '2020-08-15 02:11:55'),
(772, 17, '2020-08-11', 47, 3, 12, 32, 3, '2020-08-15 02:11:55', '2020-08-15 02:11:55'),
(773, 18, '2020-08-11', 1, 0, 0, 1, 0, '2020-08-15 02:11:55', '2020-08-15 02:11:55'),
(774, 19, '2020-08-11', 14, 1, 8, 5, 0, '2020-08-15 02:11:55', '2020-08-15 02:11:55'),
(775, 21, '2020-08-11', 15, 0, 0, 15, 0, '2020-08-15 02:11:55', '2020-08-15 02:11:55'),
(776, 22, '2020-08-11', 12, 0, 2, 10, 0, '2020-08-15 02:11:55', '2020-08-15 02:11:55'),
(777, 23, '2020-08-11', 454, 27, 241, 186, 0, '2020-08-15 02:11:55', '2020-08-15 02:11:55'),
(778, 24, '2020-08-11', 105, 20, 61, 24, 0, '2020-08-15 02:11:55', '2020-08-15 02:11:55'),
(779, 25, '2020-08-11', 862, 44, 290, 528, 17, '2020-08-15 02:11:55', '2020-08-15 02:11:55'),
(780, 26, '2020-08-11', 737, 59, 342, 336, 3, '2020-08-15 02:11:55', '2020-08-15 02:11:55'),
(781, 28, '2020-08-11', 85, 2, 5, 78, 0, '2020-08-15 02:11:55', '2020-08-15 02:11:55'),
(782, 29, '2020-08-11', 28, 1, 25, 2, 0, '2020-08-15 02:11:55', '2020-08-15 02:11:55'),
(783, 30, '2020-08-11', 254, 4, 117, 133, 0, '2020-08-15 02:11:55', '2020-08-15 02:11:55'),
(784, 31, '2020-08-11', 8, 0, 4, 4, 0, '2020-08-15 02:11:55', '2020-08-15 02:11:55'),
(785, 32, '2020-08-11', 198, 7, 95, 96, 1, '2020-08-15 02:11:55', '2020-08-15 02:11:55'),
(786, 33, '2020-08-11', 1, 1, 0, 0, 0, '2020-08-15 02:11:55', '2020-08-15 02:11:55'),
(787, 35, '2020-08-11', 15, 2, 1, 12, 0, '2020-08-15 02:11:55', '2020-08-15 02:11:55'),
(788, 36, '2020-08-11', 23, 6, 10, 7, 0, '2020-08-15 02:11:55', '2020-08-15 02:11:55'),
(789, 37, '2020-08-11', 202, 9, 59, 134, 1, '2020-08-15 02:11:55', '2020-08-15 02:11:55'),
(790, 38, '2020-08-11', 9, 2, 1, 6, 0, '2020-08-15 02:11:55', '2020-08-15 02:11:55'),
(791, 39, '2020-08-11', 7, 1, 0, 6, 0, '2020-08-15 02:11:55', '2020-08-15 02:11:55'),
(792, 40, '2020-08-11', 21, 1, 1, 19, 1, '2020-08-15 02:11:55', '2020-08-15 02:11:55'),
(793, 41, '2020-08-11', 35, 0, 1, 34, 0, '2020-08-15 02:11:55', '2020-08-15 02:11:55'),
(794, 42, '2020-08-11', 6, 0, 3, 3, 0, '2020-08-15 02:11:55', '2020-08-15 02:11:55'),
(795, 43, '2020-08-11', 2, 0, 2, 0, 0, '2020-08-15 02:11:55', '2020-08-15 02:11:55'),
(796, 45, '2020-08-11', 5, 0, 0, 5, 0, '2020-08-15 02:11:55', '2020-08-15 02:11:55'),
(797, 46, '2020-08-11', 135, 9, 78, 48, 0, '2020-08-15 02:11:55', '2020-08-15 02:11:55'),
(798, 47, '2020-08-11', 202, 16, 88, 98, 0, '2020-08-15 02:11:55', '2020-08-15 02:11:55'),
(799, 48, '2020-08-11', 40, 3, 5, 32, 0, '2020-08-15 02:11:55', '2020-08-15 02:11:55'),
(800, 1, '2020-08-12', 33, 4, 28, 1, 0, '2020-08-15 02:26:29', '2020-08-15 02:26:29'),
(801, 3, '2020-08-12', 9, 0, 0, 9, 4, '2020-08-15 02:26:29', '2020-08-15 02:26:29'),
(802, 4, '2020-08-12', 24, 2, 5, 17, 0, '2020-08-15 02:26:29', '2020-08-15 02:26:29'),
(803, 5, '2020-08-12', 15, 2, 7, 6, 0, '2020-08-15 02:26:29', '2020-08-15 02:26:29'),
(804, 6, '2020-08-12', 3, 2, 0, 1, 0, '2020-08-15 02:26:29', '2020-08-15 02:26:29'),
(805, 7, '2020-08-12', 6, 0, 4, 2, 0, '2020-08-15 02:26:29', '2020-08-15 02:26:29'),
(806, 8, '2020-08-12', 79, 5, 11, 63, 3, '2020-08-15 02:26:29', '2020-08-15 02:26:29'),
(807, 9, '2020-08-12', 6458, 493, 2055, 3910, 86, '2020-08-15 02:26:29', '2020-08-15 02:26:29'),
(808, 10, '2020-08-12', 151, 11, 123, 17, 0, '2020-08-15 02:26:29', '2020-08-15 02:26:29'),
(809, 11, '2020-08-12', 28, 4, 6, 18, 2, '2020-08-15 02:26:29', '2020-08-15 02:26:29'),
(810, 12, '2020-08-12', 2, 1, 0, 1, 0, '2020-08-15 02:26:29', '2020-08-15 02:26:29'),
(811, 13, '2020-08-12', 165, 17, 40, 108, 1, '2020-08-15 02:26:29', '2020-08-15 02:26:29'),
(812, 14, '2020-08-12', 33, 3, 9, 21, 1, '2020-08-15 02:26:29', '2020-08-15 02:26:29'),
(813, 15, '2020-08-12', 410, 37, 277, 96, 0, '2020-08-15 02:26:29', '2020-08-15 02:26:29'),
(814, 16, '2020-08-12', 3, 0, 0, 3, 0, '2020-08-15 02:26:29', '2020-08-15 02:26:29'),
(815, 17, '2020-08-12', 47, 3, 12, 32, 0, '2020-08-15 02:26:29', '2020-08-15 02:26:29'),
(816, 18, '2020-08-12', 1, 0, 0, 1, 0, '2020-08-15 02:26:29', '2020-08-15 02:26:29'),
(817, 19, '2020-08-12', 14, 1, 8, 5, 0, '2020-08-15 02:26:29', '2020-08-15 02:26:29'),
(818, 21, '2020-08-12', 15, 0, 0, 15, 0, '2020-08-15 02:26:29', '2020-08-15 02:26:29'),
(819, 22, '2020-08-12', 12, 0, 2, 10, 0, '2020-08-15 02:26:29', '2020-08-15 02:26:29'),
(820, 23, '2020-08-12', 455, 27, 244, 184, 1, '2020-08-15 02:26:29', '2020-08-15 02:26:29'),
(821, 24, '2020-08-12', 106, 20, 61, 25, 1, '2020-08-15 02:26:29', '2020-08-15 02:26:29'),
(822, 25, '2020-08-12', 880, 45, 293, 542, 18, '2020-08-15 02:26:29', '2020-08-15 02:26:29'),
(823, 26, '2020-08-12', 754, 59, 342, 353, 17, '2020-08-15 02:26:29', '2020-08-15 02:26:29'),
(824, 28, '2020-08-12', 85, 2, 5, 78, 0, '2020-08-15 02:26:29', '2020-08-15 02:26:29'),
(825, 29, '2020-08-12', 28, 1, 25, 2, 0, '2020-08-15 02:26:29', '2020-08-15 02:26:29'),
(826, 30, '2020-08-12', 255, 4, 122, 129, 1, '2020-08-15 02:26:29', '2020-08-15 02:26:29'),
(827, 31, '2020-08-12', 8, 0, 5, 3, 0, '2020-08-15 02:26:29', '2020-08-15 02:26:29'),
(828, 32, '2020-08-12', 199, 7, 100, 92, 1, '2020-08-15 02:26:29', '2020-08-15 02:26:29'),
(829, 33, '2020-08-12', 1, 1, 0, 0, 0, '2020-08-15 02:26:29', '2020-08-15 02:26:29'),
(830, 35, '2020-08-12', 15, 2, 2, 11, 0, '2020-08-15 02:26:29', '2020-08-15 02:26:29'),
(831, 36, '2020-08-12', 24, 6, 10, 8, 1, '2020-08-15 02:26:29', '2020-08-15 02:26:29'),
(832, 37, '2020-08-12', 205, 9, 59, 137, 3, '2020-08-15 02:26:29', '2020-08-15 02:26:29'),
(833, 38, '2020-08-12', 9, 2, 1, 6, 0, '2020-08-15 02:26:29', '2020-08-15 02:26:29'),
(834, 39, '2020-08-12', 7, 1, 0, 6, 0, '2020-08-15 02:26:29', '2020-08-15 02:26:29'),
(835, 40, '2020-08-12', 21, 1, 1, 19, 0, '2020-08-15 02:26:29', '2020-08-15 02:26:29'),
(836, 41, '2020-08-12', 35, 1, 1, 33, 0, '2020-08-15 02:26:29', '2020-08-15 02:26:29'),
(837, 42, '2020-08-12', 6, 0, 3, 3, 0, '2020-08-15 02:26:29', '2020-08-15 02:26:29'),
(838, 43, '2020-08-12', 2, 0, 2, 0, 0, '2020-08-15 02:26:29', '2020-08-15 02:26:29'),
(839, 45, '2020-08-12', 7, 0, 0, 7, 2, '2020-08-15 02:26:29', '2020-08-15 02:26:29'),
(840, 46, '2020-08-12', 135, 9, 80, 46, 0, '2020-08-15 02:26:29', '2020-08-15 02:26:29'),
(841, 47, '2020-08-12', 205, 16, 88, 101, 3, '2020-08-15 02:26:29', '2020-08-15 02:26:29'),
(842, 48, '2020-08-12', 40, 3, 5, 32, 0, '2020-08-15 02:26:29', '2020-08-15 02:26:29');

-- --------------------------------------------------------

--
-- Table structure for table `control_bo`
--

CREATE TABLE `control_bo` (
  `fecha_ini` date NOT NULL,
  `fecha_fin` date NOT NULL,
  `id` int(11) NOT NULL,
  `bo_pro` decimal(30,15) NOT NULL,
  `bo_des` decimal(30,15) NOT NULL,
  `be_pro` decimal(30,15) NOT NULL,
  `be_des` decimal(30,15) NOT NULL,
  `ch_pro` decimal(30,15) NOT NULL,
  `ch_des` decimal(30,15) NOT NULL,
  `cb_pro` decimal(30,15) NOT NULL,
  `cb_des` decimal(30,15) NOT NULL,
  `lp_pro` decimal(30,15) NOT NULL,
  `lp_des` decimal(30,15) NOT NULL,
  `or_pro` decimal(11,0) NOT NULL,
  `or_des` double(30,15) NOT NULL,
  `pd_pro` decimal(30,15) NOT NULL,
  `pd_des` decimal(30,15) NOT NULL,
  `pt_pro` decimal(30,15) NOT NULL,
  `pt_des` decimal(30,15) NOT NULL,
  `sc_pro` decimal(30,15) NOT NULL,
  `sc_des` decimal(30,15) NOT NULL,
  `tj_pro` decimal(30,15) NOT NULL,
  `tj_des` decimal(30,15) NOT NULL
) ENGINE=InnoDB DEFAULT CHARSET=utf8;

--
-- Dumping data for table `control_bo`
--

INSERT INTO `control_bo` (`fecha_ini`, `fecha_fin`, `id`, `bo_pro`, `bo_des`, `be_pro`, `be_des`, `ch_pro`, `ch_des`, `cb_pro`, `cb_des`, `lp_pro`, `lp_des`, `or_pro`, `or_des`, `pd_pro`, `pd_des`, `pt_pro`, `pt_des`, `sc_pro`, `sc_des`, `tj_pro`, `tj_des`) VALUES
('2020-07-01', '2020-08-14', 12, '21.273886913436616', '0.392999269645076', '107.050982361555400', '2.115797378305356', '12.401778025726985', '2.884639155860884', '16.929120350302880', '1.354288350601426', '1.876404372287604', '1.491295070309352', '10', 1.747153887767320, '13.356174568393158', '4.526970017803006', '34.265249949602136', '2.734553016340285', '45.322702267504400', '2.038754119238744', '2.520644675748009', '1.524204738914148'),
('2020-08-01', '2020-08-02', 0, '56.936014020334500', '0.000000000000064', '81.856554689633810', '0.000000000000010', '43.543336711208546', '0.000000000000000', '44.278334434187260', '0.000000000000005', '40.268717113665120', '0.000000000000018', '29', 0.000000000000000, '26.138689954316526', '0.000000000000003', '1428.000000000000000', '0.000000000000000', '147.451645016325760', '0.000000000000020', '16.586799747434746', '0.000000000000013'),
('2020-08-01', '2020-08-02', 0, '56.936014020334500', '0.000000000000064', '81.856554689633810', '0.000000000000010', '43.543336711208546', '0.000000000000000', '44.278334434187260', '0.000000000000005', '40.268717113665120', '0.000000000000018', '29', 0.000000000000000, '26.138689954316526', '0.000000000000003', '1428.000000000000000', '0.000000000000000', '147.451645016325760', '0.000000000000020', '16.586799747434746', '0.000000000000013'),
('2020-08-01', '2020-08-02', 0, '56.936014020334500', '0.000000000000064', '81.856554689633810', '0.000000000000010', '43.543336711208546', '0.000000000000000', '44.278334434187260', '0.000000000000005', '40.268717113665120', '0.000000000000018', '29', 0.000000000000000, '26.138689954316526', '0.000000000000003', '1428.000000000000000', '0.000000000000000', '147.451645016325760', '0.000000000000020', '16.586799747434746', '0.000000000000013');

-- --------------------------------------------------------

--
-- Table structure for table `control_cbba`
--

CREATE TABLE `control_cbba` (
  `fecha_ini` date NOT NULL,
  `id` int(11) NOT NULL,
  `pro_ci` decimal(30,15) NOT NULL,
  `des_ci` decimal(30,15) NOT NULL,
  `pro_tr` decimal(30,15) NOT NULL,
  `des_tr` decimal(30,15) NOT NULL,
  `pro_va` decimal(30,15) NOT NULL,
  `des_va` decimal(30,15) NOT NULL,
  `pro_oc` decimal(30,15) NOT NULL,
  `des_oc` decimal(30,15) NOT NULL,
  `fecha_fin` date NOT NULL
) ENGINE=InnoDB DEFAULT CHARSET=utf8;

--
-- Dumping data for table `control_cbba`
--

INSERT INTO `control_cbba` (`fecha_ini`, `id`, `pro_ci`, `des_ci`, `pro_tr`, `des_tr`, `pro_va`, `des_va`, `pro_oc`, `des_oc`, `fecha_fin`) VALUES
('2020-07-13', 26, '13.018252209027484', '2.294428531986370', '37.139811613956965', '2.619441734848962', '8.910449680447249', '2.740320669532345', '11.944408226642256', '1.936235254499837', '2020-08-12');

-- --------------------------------------------------------

--
-- Table structure for table `login`
--

CREATE TABLE `login` (
  `id` int(11) NOT NULL,
  `correo` varchar(123) NOT NULL,
  `usuario` varchar(100) NOT NULL,
  `clave` varchar(200) NOT NULL
) ENGINE=MEMORY DEFAULT CHARSET=latin1;

-- --------------------------------------------------------

--
-- Table structure for table `municipio`
--

CREATE TABLE `municipio` (
  `id` int(11) NOT NULL,
  `nombre` varchar(50) NOT NULL,
  `departamento` varchar(50) NOT NULL,
  `orden` int(11) DEFAULT NULL
) ENGINE=InnoDB DEFAULT CHARSET=utf8;

--
-- Dumping data for table `municipio`
--

INSERT INTO `municipio` (`id`, `nombre`, `departamento`, `orden`) VALUES
(1, 'Aiquile', 'Cochabamba', 20),
(2, 'Alalay', 'Cochabamba', -1),
(3, 'Anzaldo', 'Cochabamba', 33),
(4, 'Arani', 'Cochabamba', 21),
(5, 'Arbieto', 'Cochabamba', 23),
(6, 'Arque', 'Cochabamba', 34),
(7, 'Bolivar', 'Cochabamba', 31),
(8, 'Capinota', 'Cochabamba', 15),
(9, 'Cercado', 'Cochabamba', 1),
(10, 'Chimore', 'Cochabamba', 9),
(11, 'Cliza', 'Cochabamba', 18),
(12, 'Cocapata', 'Cochabamba', 38),
(13, 'Colcapirhua', 'Cochabamba', 11),
(14, 'Colomi', 'Cochabamba', 17),
(15, 'Entre Rios', 'Cochabamba', 5),
(16, 'Independencia', 'Cochabamba', 36),
(17, 'Mizque', 'Cochabamba', 19),
(18, 'Morochata', 'Cochabamba', -1),
(19, 'Omereque', 'Cochabamba', 24),
(20, 'Pasorapa', 'Cochabamba', -1),
(21, 'Pocona', 'Cochabamba', 41),
(22, 'Pojo', 'Cochabamba', 35),
(23, 'Puerto Villaroel', 'Cochabamba', 4),
(24, 'Punata', 'Cochabamba', 13),
(25, 'Quillacollo', 'Cochabamba', 3),
(26, 'Sacaba', 'Cochabamba', 2),
(27, 'Sacabamba', 'Cochabamba', -1),
(28, 'San Benito', 'Cochabamba', 14),
(29, 'Santivañez', 'Cochabamba', 16),
(30, 'Shinahota', 'Cochabamba', 6),
(31, 'Sicaya', 'Cochabamba', 28),
(32, 'Sipe Sipe', 'Cochabamba', 10),
(33, 'Tacachi', 'Cochabamba', 40),
(34, 'Tacopaya', 'Cochabamba', -1),
(35, 'Tapacari', 'Cochabamba', 25),
(36, 'Tarata', 'Cochabamba', 22),
(37, 'Tiquipaya', 'Cochabamba', 7),
(38, 'Tiraque', 'Cochabamba', 32),
(39, 'Toco', 'Cochabamba', 29),
(40, 'Tolata', 'Cochabamba', 26),
(41, 'Totora', 'Cochabamba', 27),
(42, 'Vacas', 'Cochabamba', 30),
(43, 'Vila Vila', 'Cochabamba', 37),
(44, 'Villa Gualberto Villaroel', 'Cochabamba', -1),
(45, 'Villa Rivero', 'Cochabamba', 39),
(46, 'Villa Tunari', 'Cochabamba', 12),
(47, 'Vinto', 'Cochabamba', 8),
(48, 'Otros', 'Cochabamba', 42);

-- --------------------------------------------------------

--
-- Table structure for table `nacional`
--

CREATE TABLE `nacional` (
  `id` int(11) NOT NULL,
  `fecha` date DEFAULT NULL,
  `hoy_bo` int(11) DEFAULT NULL,
  `conf_bo` int(11) DEFAULT NULL,
  `dece_bo` int(11) DEFAULT NULL,
  `recu_bo` int(11) DEFAULT NULL,
  `acti_bo` int(11) DEFAULT NULL,
  `hoy_be` int(11) DEFAULT NULL,
  `conf_be` int(11) DEFAULT NULL,
  `dece_be` int(11) DEFAULT NULL,
  `recu_be` int(11) DEFAULT NULL,
  `acti_be` int(11) DEFAULT NULL,
  `hoy_ch` int(11) DEFAULT NULL,
  `conf_ch` int(11) DEFAULT NULL,
  `dece_ch` int(11) DEFAULT NULL,
  `recu_ch` int(11) DEFAULT NULL,
  `acti_ch` int(11) DEFAULT NULL,
  `hoy_cb` int(11) DEFAULT NULL,
  `conf_cb` int(11) DEFAULT NULL,
  `dece_cb` int(11) DEFAULT NULL,
  `recu_cb` int(11) DEFAULT NULL,
  `acti_cb` int(11) DEFAULT NULL,
  `hoy_lp` int(11) DEFAULT NULL,
  `conf_lp` int(11) DEFAULT NULL,
  `dece_lp` int(11) DEFAULT NULL,
  `recu_lp` int(11) DEFAULT NULL,
  `acti_lp` int(11) DEFAULT NULL,
  `hoy_or` int(11) DEFAULT NULL,
  `conf_or` int(11) DEFAULT NULL,
  `dece_or` int(11) DEFAULT NULL,
  `recu_or` int(11) DEFAULT NULL,
  `acti_or` int(11) DEFAULT NULL,
  `hoy_pd` int(11) DEFAULT NULL,
  `conf_pd` int(11) DEFAULT NULL,
  `dece_pd` int(11) DEFAULT NULL,
  `recu_pd` int(11) DEFAULT NULL,
  `acti_pd` int(11) DEFAULT NULL,
  `hoy_pt` int(11) DEFAULT NULL,
  `conf_pt` int(11) DEFAULT NULL,
  `dece_pt` int(11) DEFAULT NULL,
  `recu_pt` int(11) DEFAULT NULL,
  `acti_pt` int(11) DEFAULT NULL,
  `hoy_sc` int(11) DEFAULT NULL,
  `conf_sc` int(11) DEFAULT NULL,
  `dece_sc` int(11) DEFAULT NULL,
  `recu_sc` int(11) DEFAULT NULL,
  `acti_sc` int(11) DEFAULT NULL,
  `hoy_tj` int(11) DEFAULT NULL,
  `conf_tj` int(11) DEFAULT NULL,
  `dece_tj` int(11) DEFAULT NULL,
  `recu_tj` int(11) DEFAULT NULL,
  `acti_tj` int(11) DEFAULT NULL,
  `f_creacion` timestamp NOT NULL DEFAULT current_timestamp() ON UPDATE current_timestamp(),
  `f_actualizacion` timestamp NOT NULL DEFAULT current_timestamp() ON UPDATE current_timestamp()
) ENGINE=InnoDB DEFAULT CHARSET=utf8;

--
-- Dumping data for table `nacional`
--

INSERT INTO `nacional` (`id`, `fecha`, `hoy_bo`, `conf_bo`, `dece_bo`, `recu_bo`, `acti_bo`, `hoy_be`, `conf_be`, `dece_be`, `recu_be`, `acti_be`, `hoy_ch`, `conf_ch`, `dece_ch`, `recu_ch`, `acti_ch`, `hoy_cb`, `conf_cb`, `dece_cb`, `recu_cb`, `acti_cb`, `hoy_lp`, `conf_lp`, `dece_lp`, `recu_lp`, `acti_lp`, `hoy_or`, `conf_or`, `dece_or`, `recu_or`, `acti_or`, `hoy_pd`, `conf_pd`, `dece_pd`, `recu_pd`, `acti_pd`, `hoy_pt`, `conf_pt`, `dece_pt`, `recu_pt`, `acti_pt`, `hoy_sc`, `conf_sc`, `dece_sc`, `recu_sc`, `acti_sc`, `hoy_tj`, `conf_tj`, `dece_tj`, `recu_tj`, `acti_tj`, `f_creacion`, `f_actualizacion`) VALUES
(1, '2020-07-01', 1008, 34227, 1201, 9764, 23262, 54, 4173, 232, 136, 3805, 59, 766, 37, 23, 706, 104, 3744, 221, 168, 3355, 212, 3241, 84, 394, 2763, 63, 1012, 76, 115, 821, 68, 636, 37, 14, 585, 15, 689, 20, 51, 618, 376, 19257, 477, 8832, 9948, 57, 709, 17, 31, 661, '2020-07-15 02:56:48', '2020-07-15 02:56:48'),
(2, '2020-07-02', 1301, 35528, 1271, 10358, 23899, 30, 4203, 233, 147, 3823, 45, 811, 38, 28, 745, 92, 3836, 233, 185, 3418, 156, 3397, 93, 394, 2910, 81, 1093, 77, 194, 822, 77, 713, 47, 14, 652, 31, 720, 22, 51, 647, 734, 19991, 506, 9314, 10171, 55, 764, 22, 31, 711, '2020-07-15 03:13:40', '2020-07-15 03:13:40'),
(3, '2020-07-03', 1290, 36818, 1320, 10766, 24732, 62, 4265, 236, 149, 3880, 41, 852, 43, 28, 781, 253, 4089, 247, 211, 3631, 237, 3634, 93, 396, 3145, 52, 1145, 80, 197, 868, 4, 717, 48, 14, 655, 8, 728, 23, 52, 653, 567, 20558, 527, 9688, 10343, 66, 830, 23, 31, 776, '2020-07-15 03:04:02', '2020-07-15 03:04:02'),
(4, '2020-07-04', 1253, 38071, 1378, 11272, 25421, 10, 4275, 239, 150, 3886, 65, 917, 44, 28, 845, 57, 4146, 262, 241, 3643, 238, 3872, 100, 400, 3372, 44, 1189, 80, 200, 909, 91, 808, 53, 14, 741, 30, 758, 24, 52, 682, 632, 21190, 551, 10154, 10485, 86, 916, 25, 33, 858, '2020-07-15 03:13:20', '2020-07-15 03:13:20'),
(5, '2020-07-05', 1226, 39297, 1434, 11667, 26196, 0, 4275, 241, 15, 4019, 50, 967, 45, 32, 890, 53, 4199, 282, 277, 3640, 333, 4205, 107, 411, 3687, 44, 1233, 80, 200, 953, 126, 934, 53, 14, 867, 3, 761, 25, 52, 684, 562, 21752, 576, 10498, 10678, 55, 971, 28, 33, 910, '2020-07-15 09:03:10', '2020-07-15 09:03:10'),
(6, '2020-07-06', 1212, 40509, 1476, 11929, 27104, 57, 4332, 244, 152, 3936, 33, 1000, 46, 32, 922, 230, 4429, 292, 301, 3836, 480, 4685, 107, 418, 4160, 50, 1283, 87, 200, 996, 72, 1006, 54, 14, 938, 21, 782, 25, 53, 704, 201, 21953, 591, 10725, 10637, 68, 1039, 30, 34, 975, '2020-07-15 09:05:40', '2020-07-15 09:05:40'),
(7, '2020-07-07', 1036, 41545, 1530, 12398, 27617, 103, 4435, 248, 156, 4031, 68, 1068, 50, 32, 986, 63, 4492, 304, 329, 3859, 191, 4876, 109, 425, 4342, 97, 1380, 95, 200, 1085, 20, 1026, 54, 14, 958, 19, 801, 25, 70, 706, 445, 22398, 614, 11137, 10647, 30, 1069, 31, 35, 1003, '2020-07-15 09:07:34', '2020-07-15 09:07:34'),
(8, '2020-07-08', 1439, 42984, 1577, 12883, 28524, 176, 4611, 251, 159, 4201, 31, 1099, 50, 44, 1005, 143, 4635, 312, 350, 3973, 275, 5151, 110, 430, 4611, 111, 1491, 103, 222, 1166, 0, 1026, 54, 14, 958, 30, 831, 25, 74, 732, 528, 22926, 638, 11554, 10734, 145, 1214, 34, 36, 1144, '2020-07-15 09:10:53', '2020-07-15 09:10:53'),
(9, '2020-07-09', 1129, 44113, 1638, 13354, 29121, 84, 4695, 257, 161, 4277, 63, 1162, 52, 44, 1066, 134, 4769, 327, 379, 4063, 225, 5376, 114, 433, 4829, 55, 1546, 105, 225, 1216, 0, 1026, 54, 14, 958, 13, 844, 29, 75, 740, 485, 23411, 661, 11987, 10763, 70, 1284, 39, 36, 1209, '2020-07-15 09:12:48', '2020-07-15 09:12:48'),
(10, '2020-07-10', 1452, 45565, 1702, 13918, 29945, 99, 4794, 259, 171, 4364, 3, 1165, 56, 44, 1065, 146, 4915, 346, 410, 4159, 328, 5704, 116, 464, 5124, 89, 1635, 110, 225, 1300, 0, 1026, 54, 14, 958, 3, 847, 31, 90, 726, 614, 24025, 687, 12474, 10864, 170, 1454, 41, 36, 1377, '2020-07-15 09:16:18', '2020-07-15 09:16:18'),
(11, '2020-07-11', 1635, 47200, 1754, 14333, 31113, 17, 4811, 263, 173, 4375, 133, 1298, 58, 51, 1189, 99, 5014, 365, 446, 4203, 662, 6366, 127, 496, 5743, 66, 1701, 110, 231, 1360, 0, 1026, 110, 231, 685, 11, 858, 31, 82, 745, 600, 24625, 700, 12801, 11124, 47, 1501, 44, 39, 1418, '2020-07-15 09:18:16', '2020-07-15 09:18:16'),
(12, '2020-07-12', 987, 48187, 1807, 14843, 31537, 26, 4837, 266, 176, 4395, 34, 1332, 60, 53, 1219, 174, 5188, 385, 504, 4299, 337, 6703, 131, 533, 6039, 85, 1786, 120, 255, 1411, 19, 1045, 57, 14, 974, 37, 895, 33, 82, 780, 275, 24900, 709, 13177, 11014, 0, 1501, 46, 49, 1406, '2020-07-15 09:20:20', '2020-07-15 09:20:20'),
(13, '2020-07-13', 1063, 49250, 1866, 15294, 32090, 24, 4861, 273, 179, 4409, 127, 1332, 60, 53, 1219, 127, 5315, 398, 571, 4346, 421, 7124, 133, 561, 6430, 75, 1861, 124, 265, 1472, 0, 1045, 65, 19, 961, 24, 919, 33, 82, 804, 360, 25260, 733, 13515, 11012, 32, 1533, 47, 49, 1437, '2020-07-15 09:22:07', '2020-07-15 09:22:07'),
(14, '2020-07-14', 1617, 50867, 1898, 15819, 33150, 43, 4904, 275, 182, 4447, 42, 1374, 60, 59, 1255, 153, 5468, 412, 615, 4441, 278, 7402, 134, 584, 6684, 60, 1921, 126, 278, 1517, 0, 1045, 69, 37, 939, 50, 969, 33, 82, 854, 864, 26124, 740, 13923, 11461, 127, 1660, 49, 49, 1562, '2020-07-15 17:22:07', '2020-07-15 17:22:07'),
(15, '2020-07-15', 1351, 52218, 1942, 16357, 33919, 53, 4957, 276, 190, 4491, 48, 1422, 60, 59, 1303, 276, 5744, 422, 699, 4623, 260, 7662, 139, 625, 6898, 53, 1974, 126, 289, 1559, 0, 1045, 78, 40, 927, 31, 1000, 33, 82, 885, 547, 26671, 756, 14324, 11591, 83, 1743, 52, 49, 1642, '2020-07-15 17:22:07', '2020-07-15 17:22:07'),
(16, '2020-07-16', 1938, 54156, 1984, 16979, 35193, 69, 5026, 276, 198, 4552, 68, 1490, 61, 68, 1361, 182, 5926, 437, 774, 4715, 314, 7976, 145, 636, 7195, 42, 2016, 133, 305, 1578, 0, 1045, 83, 47, 915, 60, 1060, 34, 82, 944, 1073, 27744, 761, 14820, 12163, 130, 1873, 54, 49, 1770, '2020-07-15 17:22:07', '2020-07-15 17:22:07'),
(17, '2020-07-17', 1946, 56102, 2049, 17882, 36171, 14, 5040, 280, 202, 4558, 46, 1536, 63, 94, 1379, 119, 6045, 453, 986, 4606, 233, 8209, 155, 704, 7350, 96, 2112, 142, 310, 1660, 12, 1057, 87, 57, 913, 26, 1086, 35, 99, 952, 1245, 28989, 778, 15352, 12859, 155, 2028, 56, 78, 1894, '2020-07-15 17:22:07', '2020-07-15 17:22:07'),
(18, '2020-07-18', 2036, 58138, 2106, 18200, 37832, 28, 5068, 281, 202, 4585, 52, 1588, 68, 97, 1423, 232, 6277, 468, 1060, 4749, 713, 8922, 157, 742, 8023, 65, 2177, 144, 342, 1691, 121, 1178, 94, 78, 1006, 11, 1097, 35, 101, 961, 495, 29484, 797, 15471, 13216, 319, 2347, 62, 107, 2178, '2020-07-15 17:22:07', '2020-07-15 17:22:07'),
(19, '2020-07-19', 1444, 59582, 2151, 18553, 38878, 24, 5092, 281, 202, 4609, 17, 1605, 73, 114, 1418, 129, 6406, 483, 1226, 4697, 733, 9655, 162, 797, 8696, 34, 2211, 144, 349, 1718, 26, 1204, 94, 78, 1032, 75, 1172, 37, 103, 1032, 270, 29754, 814, 15547, 13393, 136, 2483, 63, 137, 2283, '2020-07-15 17:22:07', '2020-07-15 17:22:07'),
(20, '2020-07-20', 1409, 60991, 2218, 18875, 39898, 32, 5124, 282, 204, 4638, 32, 1637, 77, 116, 1444, 120, 6526, 498, 1320, 4708, 535, 10190, 169, 821, 9200, 33, 2244, 153, 371, 1720, 8, 1212, 98, 86, 1028, 16, 1188, 39, 103, 1046, 555, 30309, 833, 15695, 13781, 78, 2561, 69, 159, 2333, '2020-07-25 21:52:53', '2020-07-25 21:52:53'),
(21, '2020-07-21', 1366, 62357, 2273, 19290, 40794, 39, 5163, 284, 206, 4673, 25, 1662, 78, 135, 1449, 168, 6694, 512, 1412, 4770, 431, 10621, 170, 832, 9619, 102, 2346, 160, 387, 1799, 1, 1213, 103, 98, 1012, 0, 1188, 39, 187, 962, 578, 30887, 854, 15828, 14205, 22, 2583, 73, 205, 2305, '2020-08-01 18:10:09', '2020-08-01 18:10:09'),
(22, '2020-07-22', 1778, 64135, 2328, 19721, 42086, 10, 5173, 285, 206, 4682, 36, 1698, 88, 185, 1425, 193, 6887, 526, 1531, 4830, 788, 11409, 170, 861, 10378, 85, 2431, 168, 396, 1867, 87, 1300, 105, 125, 1070, 61, 1249, 39, 187, 1023, 513, 31400, 874, 16023, 14503, 5, 2588, 73, 207, 2308, '2020-07-24 05:00:49', '2020-07-24 05:00:49'),
(23, '2020-07-23', 1117, 65252, 2407, 20030, 42815, 20, 5193, 288, 206, 4699, 38, 1736, 97, 231, 1408, 160, 7047, 541, 1637, 4869, 534, 11943, 179, 881, 10883, 75, 2506, 174, 399, 1933, 11, 1311, 114, 127, 1070, 17, 1266, 49, 192, 1025, 256, 31656, 891, 16148, 14617, 6, 2594, 74, 209, 2311, '2020-07-25 01:17:41', '2020-07-25 01:17:41'),
(24, '2020-07-24', 1204, 66456, 2473, 20614, 43369, 83, 5276, 289, 207, 4780, 71, 1807, 105, 280, 1422, 258, 7305, 555, 1784, 4966, 330, 12273, 201, 907, 11165, 51, 2557, 174, 406, 1977, 51, 1362, 117, 135, 1110, 119, 1385, 49, 192, 1144, 190, 31846, 908, 16452, 14486, 51, 2645, 75, 251, 2319, '2020-07-25 22:06:48', '2020-07-25 22:06:48'),
(25, '2020-07-25', 1825, 68281, 2535, 20951, 44795, 13, 5289, 289, 209, 4791, 19, 1826, 282, 108, 1436, 115, 7420, 571, 1942, 4907, 1098, 13371, 218, 948, 12205, 100, 2657, 179, 428, 2050, 3, 1365, 117, 135, 1113, 5, 1390, 49, 192, 1149, 292, 32138, 928, 16537, 14673, 180, 2825, 76, 278, 2471, '2020-08-01 18:10:09', '2020-08-01 18:10:09'),
(26, '2020-07-26', 1148, 69429, 2583, 21169, 45677, 1, 5290, 289, 209, 4792, 8, 1834, 115, 299, 1420, 124, 7544, 583, 2067, 4894, 409, 13780, 219, 977, 12584, 99, 2756, 182, 433, 2141, 2, 1367, 117, 135, 1115, 46, 1436, 51, 196, 1189, 234, 32372, 948, 16570, 14854, 225, 3050, 79, 283, 2688, '2020-07-27 18:21:47', '2020-07-27 18:21:47'),
(27, '2020-07-27', 1752, 71181, 2647, 21478, 47056, 5, 5295, 291, 220, 4784, 60, 1894, 120, 340, 1434, 560, 8104, 603, 2164, 5337, 623, 14403, 226, 986, 13191, 66, 2822, 191, 446, 2185, 6, 1373, 117, 135, 1121, 7, 1443, 52, 222, 1169, 281, 32653, 967, 16642, 15044, 144, 3194, 80, 323, 2791, '2020-07-28 19:37:42', '2020-07-28 19:37:42'),
(28, '2020-07-28', 1146, 72327, 2720, 21971, 47636, 20, 5315, 292, 254, 4769, 27, 1921, 131, 365, 1425, 206, 8310, 622, 2265, 5423, 215, 14618, 227, 1024, 13367, 37, 2859, 194, 458, 2207, 2, 1375, 118, 139, 1118, 15, 1458, 53, 222, 1183, 431, 33084, 1000, 16872, 15212, 193, 3387, 83, 372, 2932, '2020-07-29 21:25:07', '2020-07-29 21:25:07'),
(29, '2020-07-29', 1207, 73534, 2808, 22506, 48220, 10, 5325, 293, 323, 4709, 23, 1944, 135, 397, 1412, 100, 8410, 634, 2325, 5451, 364, 14982, 255, 1060, 13667, 54, 2913, 198, 492, 2223, 23, 1398, 121, 141, 1136, 6, 1464, 58, 235, 1171, 466, 33550, 1029, 17102, 15419, 161, 3548, 85, 431, 3032, '2020-07-31 01:29:53', '2020-07-31 01:29:53'),
(30, '2020-07-30', 1700, 75234, 2894, 23305, 49035, 51, 5376, 293, 409, 4674, 18, 1962, 145, 446, 1371, 172, 8582, 646, 2446, 5490, 613, 15595, 271, 1086, 14238, 160, 3073, 208, 523, 2342, 9, 1407, 124, 175, 1108, 6, 1470, 59, 240, 1171, 440, 33990, 1061, 17506, 15423, 231, 3779, 87, 474, 3218, '2020-07-31 16:39:12', '2020-07-31 16:39:12'),
(31, '2020-07-31', 1555, 76789, 2977, 23582, 50230, 65, 5441, 293, 434, 4714, 89, 2051, 151, 461, 1439, 448, 9030, 663, 2541, 5826, 356, 15951, 283, 1093, 14575, 0, 3073, 208, 523, 2342, 12, 1419, 124, 188, 1107, 16, 1486, 72, 277, 1137, 419, 34409, 1094, 17571, 15744, 150, 3929, 89, 494, 3346, '2020-08-01 17:49:08', '2020-08-01 17:49:08'),
(32, '2020-08-01', 2004, 78793, 3064, 23968, 51761, 111, 5552, 295, 503, 4754, 43, 2094, 160, 461, 1473, 388, 9418, 683, 2659, 6076, 474, 16425, 303, 1117, 15005, 500, 3573, 208, 561, 2804, 9, 1428, 124, 196, 1108, 34, 1520, 75, 277, 1168, 329, 34738, 1124, 17638, 15976, 116, 4045, 92, 556, 3397, '2020-08-02 19:53:47', '2020-08-02 19:53:47'),
(33, '2020-08-02', 1360, 80153, 3153, 24156, 52844, 67, 5619, 295, 511, 4813, 47, 2141, 171, 468, 1502, 208, 9626, 698, 2745, 6183, 398, 16823, 312, 1135, 15376, 120, 3693, 223, 586, 2884, 0, 1428, 124, 204, 1100, 56, 1576, 84, 278, 1214, 234, 34972, 1153, 17650, 16169, 230, 4275, 93, 579, 3603, '2020-08-03 06:56:49', '2020-08-03 06:56:49'),
(34, '2020-08-03', 1693, 81846, 3228, 24510, 54108, 19, 5638, 297, 567, 4774, 58, 2199, 180, 476, 1543, 189, 9815, 713, 2799, 6303, 876, 17699, 313, 1135, 16251, 48, 3741, 227, 597, 2917, 3, 1431, 130, 236, 1065, 51, 1627, 92, 281, 1254, 324, 35296, 1180, 17805, 16311, 125, 4400, 96, 614, 3690, '2020-08-05 02:47:10', '2020-08-05 02:47:10'),
(35, '2020-08-04', 1515, 83361, 3320, 25390, 54651, 31, 5669, 298, 580, 4791, 62, 2261, 184, 481, 1596, 216, 10031, 730, 2907, 6394, 416, 18115, 334, 1161, 16620, 149, 3890, 233, 634, 3023, 28, 1459, 130, 236, 1093, 43, 1670, 95, 296, 1279, 463, 35759, 1215, 18420, 16124, 107, 4507, 101, 675, 3731, '2020-08-06 00:25:50', '2020-08-06 00:25:50'),
(36, '2020-08-05', 1780, 85141, 3385, 26437, 55319, 28, 5697, 301, 618, 4778, 76, 2337, 190, 540, 1607, 182, 10213, 745, 2981, 6487, 909, 19024, 334, 1240, 17450, 70, 3960, 236, 643, 3081, 36, 1495, 135, 236, 1124, 77, 1747, 96, 364, 1287, 322, 36081, 1246, 19078, 15757, 80, 4587, 102, 737, 3748, '2020-08-06 17:53:06', '2020-08-06 17:53:06'),
(37, '2020-08-06', 1282, 86423, 3465, 27373, 55585, 32, 5729, 303, 631, 4795, 99, 2436, 199, 598, 1639, 96, 10309, 759, 3059, 6491, 551, 19575, 350, 1302, 17923, 67, 4027, 240, 663, 3124, 22, 1517, 135, 236, 1146, 13, 1760, 98, 364, 1298, 378, 36459, 1275, 19770, 15414, 24, 4611, 106, 750, 3755, '2020-08-07 18:00:47', '2020-08-07 18:00:47'),
(38, '2020-08-07', 1468, 87891, 3524, 28139, 56228, 31, 5760, 2, 662, 5096, 126, 2562, 13, 645, 1904, 83, 10392, 12, 3141, 7239, 906, 20481, 6, 1341, 19134, 12, 4039, 0, 668, 3371, 32, 1549, 2, 237, 1310, 32, 1792, 0, 370, 1422, 229, 36688, 19, 20306, 16363, 17, 4628, 5, 769, 3854, '2020-08-13 00:52:01', '2020-08-13 00:52:01'),
(39, '2020-08-08', 1164, 89055, 3687, 28904, 56464, 17, 5777, 307, 664, 4806, 99, 2661, 225, 706, 1730, 43, 10435, 781, 3224, 6430, 624, 21105, 365, 1404, 19336, 78, 4117, 241, 688, 3188, 38, 1587, 137, 238, 1212, 28, 1820, 103, 387, 1330, 236, 36924, 1312, 20813, 14799, 1, 4629, 116, 780, 3733, '2020-08-09 20:21:25', '2020-08-09 20:21:25'),
(40, '2020-08-09', 944, 89999, 3640, 29808, 56551, 12, 5789, 307, 668, 4814, 51, 2712, 233, 769, 1710, 151, 10586, 786, 3371, 6429, 501, 21606, 371, 1485, 19750, 21, 4138, 241, 690, 3207, 35, 1622, 140, 238, 1244, 40, 1860, 107, 393, 1360, 133, 37057, 1333, 21376, 14348, 0, 4629, 118, 818, 3693, '2020-08-10 18:39:49', '2020-08-10 18:39:49'),
(41, '2020-08-10', 1636, 91635, 3712, 30823, 57100, 47, 5836, 310, 671, 4855, 125, 2837, 243, 816, 1778, 136, 10722, 791, 3521, 6410, 716, 22322, 382, 1537, 20403, 12, 4150, 241, 694, 3215, 34, 1656, 142, 270, 1244, 34, 1656, 142, 270, 1244, 335, 37392, 1362, 22013, 14017, 150, 4779, 121, 874, 3784, '2020-08-12 00:42:53', '2020-08-12 00:42:53'),
(42, '2020-08-11', 1693, 93328, 3761, 31753, 57814, 85, 5921, 314, 672, 4935, 141, 2978, 254, 857, 1867, 123, 10845, 796, 3770, 6279, 586, 22908, 386, 1551, 20971, 43, 4193, 243, 711, 3239, 54, 1710, 142, 282, 1286, 291, 2232, 124, 432, 1676, 207, 37599, 1380, 22569, 13650, 163, 4942, 122, 909, 3911, '2020-08-12 06:53:20', '2020-08-12 06:53:20'),
(43, '2020-08-12', 1743, 95071, 3827, 32830, 58414, 9, 5930, 317, 672, 4941, 149, 3127, 264, 901, 1962, 145, 10990, 801, 4036, 6153, 813, 23721, 405, 1679, 21637, 21, 4214, 245, 714, 3255, 56, 1766, 142, 285, 1339, 120, 2352, 125, 435, 1792, 232, 37831, 1401, 23135, 13295, 198, 5140, 127, 973, 4040, '2020-08-13 15:55:18', '2020-08-13 15:55:18'),
(44, '2020-08-13', 1388, 96459, 3884, 33720, 58855, 24, 5954, 319, 724, 4911, 169, 3296, 275, 921, 2100, 84, 11074, 809, 4214, 6051, 424, 24145, 417, 1703, 22025, 13, 4227, 245, 764, 3218, 38, 1804, 142, 290, 1372, 256, 2608, 131, 447, 2030, 185, 38016, 1416, 23614, 12986, 195, 5335, 130, 1043, 4162, '2020-08-14 16:10:41', '2020-08-14 16:10:41'),
(45, '2020-08-14', 1491, 97950, 3939, 34723, 59288, 0, 5954, 319, 752, 4883, 181, 3477, 288, 942, 2247, 185, 11259, 816, 4531, 5912, 457, 24602, 429, 1739, 22434, 10, 4237, 245, 813, 3179, 48, 1852, 142, 294, 1416, 235, 2843, 137, 472, 2234, 171, 38187, 1429, 24093, 12665, 204, 5539, 132, 1087, 4320, '2020-08-15 15:42:19', '2020-08-15 15:42:19'),
(46, '2020-08-15', 1196, 99146, 4003, 35638, 59505, 3, 5957, 321, 754, 4882, 146, 3623, 294, 966, 2363, 87, 11346, 822, 4734, 5790, 520, 25122, 453, 1846, 22823, 18, 4255, 247, 813, 3195, 58, 1910, 142, 294, 1474, 194, 3037, 142, 472, 2423, 114, 38301, 1448, 24640, 12213, 56, 5595, 134, 1119, 4342, '2020-08-16 14:00:45', '2020-08-16 14:00:45'),
(47, '2020-08-16', 1198, 100344, 4048, 36491, 59805, 0, 5957, 321, 754, 4882, 185, 3808, 301, 989, 2518, 13, 11359, 832, 4993, 5534, 654, 25776, 468, 2016, 23292, 14, 4269, 248, 817, 3204, 49, 1959, 143, 297, 1519, 116, 3153, 145, 474, 2534, 115, 38416, 1463, 25027, 11926, 52, 5647, 137, 1124, 4386, '2020-08-17 02:29:07', '2020-08-17 02:29:07'),
(48, '2020-08-17', 879, 101223, 4123, 37471, 59629, 14, 5971, 321, 757, 4893, 177, 3985, 309, 1014, 2662, 52, 11411, 839, 5316, 5256, 276, 26052, 483, 2085, 23484, 14, 4283, 249, 837, 3197, 9, 1968, 143, 301, 1524, 138, 3291, 159, 475, 2657, 95, 38511, 1479, 25493, 11539, 104, 5751, 141, 1193, 4417, '2020-08-18 16:04:22', '2020-08-18 16:04:22');

--
-- Indexes for dumped tables
--

--
-- Indexes for table `login`
--
ALTER TABLE `login`
  ADD UNIQUE KEY `id` (`id`);

--
-- Indexes for table `municipio`
--
ALTER TABLE `municipio`
  ADD PRIMARY KEY (`id`);

--
-- Indexes for table `nacional`
--
ALTER TABLE `nacional`
  ADD PRIMARY KEY (`id`);

--
-- AUTO_INCREMENT for dumped tables
--

--
-- AUTO_INCREMENT for table `login`
--
ALTER TABLE `login`
  MODIFY `id` int(11) NOT NULL AUTO_INCREMENT, AUTO_INCREMENT=3;

--
-- AUTO_INCREMENT for table `municipio`
--
ALTER TABLE `municipio`
  MODIFY `id` int(11) NOT NULL AUTO_INCREMENT, AUTO_INCREMENT=51;

--
-- AUTO_INCREMENT for table `nacional`
--
ALTER TABLE `nacional`
  MODIFY `id` int(11) NOT NULL AUTO_INCREMENT, AUTO_INCREMENT=49;
COMMIT;

/*!40101 SET CHARACTER_SET_CLIENT=@OLD_CHARACTER_SET_CLIENT */;
/*!40101 SET CHARACTER_SET_RESULTS=@OLD_CHARACTER_SET_RESULTS */;
/*!40101 SET COLLATION_CONNECTION=@OLD_COLLATION_CONNECTION */;